url,title,human_label,notes,role_nano,conf_nano,why_nano,role_luna_high,conf_luna_high,why_luna_high,role_luna_medium,conf_luna_medium,why_luna_medium,role_luna_low,conf_luna_low,why_luna_low,configs_disagree,any_vs_human_wrong
https://news.mit.edu/2026/podcast-shass-special-sauce-0922,Podcast: SHASS’s special sauce,not_relevant,,facility,0.93,"The article focuses on MIT’s creation and role of the SHASS school, a university restructuring/establishment rather than any individual person’s new lab.",not_relevant,0.98,"The article is a retrospective discussion of SHASS’s history and role, not a report of a new lab, facility, or department formation.",not_relevant,0.99,"The article discusses SHASS’s history and anniversary, not a new lab, facility, department, or prospective lab leader.",not_relevant,0.99,"The article is a retrospective discussion of SHASS and its educational role, not an announcement of a new individual lab, lab facility, or startup.",TRUE,FALSE
https://news.mit.edu/2026/mit-engineering-faculty-staff-receive-awards-0917,MIT School of Engineering faculty and staff receive awards in spring 2026,not_relevant,,not_relevant,0.97,The article lists existing MIT faculty/researchers receiving awards and does not describe any new US research lab or lab space being formed or led by a named person.,prospective,0.84,"The article names an early-career fellow, which qualifies as prospective under the stated criteria.",prospective,0.75,"The article names a research scientist as a Guggenheim Fellowship recipient, which fits the prospective category for a named fellow or award recipient.",prospective,0.86,"The article names a research scientist as a fellowship recipient, which meets the prospective category’s stated criteria.",TRUE,FALSE
https://news.mit.edu/2026/studying-society-accurately-naoki-egami-0916,"Measure by measure, studying society accurately",not_relevant,,not_relevant,0.86,"The article profiles Naoki Egami’s ongoing research and faculty appointment at MIT without describing any new lab space, department restructuring, or a separately named lab that is being newly established.",prospective,0.98,"The article centers on Egami, who newly joined MIT as an associate professor, a role that qualifies as prospective.",not_relevant,0.88,The article profiles a faculty appointment and research career but does not say Egami is starting or operating an individual research lab.,prospective,0.99,"The article’s main subject is Egami, a newly hired associate professor who qualifies as a prospective lab leader under the stated criteria.",TRUE,FALSE
https://news.mit.edu/2026/3-questions-putting-nuclear-waste-into-perspective-0915,3 Questions: Putting nuclear waste into perspective,not_relevant,,prospective,0.78,The article centers on named MIT faculty Haruko Wainwright and describes her ongoing research agenda rather than a new lab space or facility.,not_relevant,0.98,"The article is an interview about Wainwright’s research and views, not an announcement of a new lab, appointment, fellowship, startup, or facility.",not_relevant,0.96,"The article is an interview about an existing professor’s research agenda and does not describe a new individual lab, facility, or startup.",not_relevant,0.98,"The article is an interview about nuclear waste research and policy, with no announcement of a new lab, facility, appointment, fellowship, or startup.",TRUE,FALSE
https://news.mit.edu/2026/building-foundations-that-last-iwnetim-abate-0902,Building foundations that last,prospective,"Whether facilitating access to specialized instrumentation or identifying researchers with complementary knowledge, Abate actively builds the relationships that allow his students and their projects to thrive",prospective,0.74,"The article focuses on named MIT Assistant Professor Tim Abate and his research group/mentorship, indicating an ongoing individual lab leader rather than a new facility or department.",not_relevant,0.94,"This is a mentorship profile about an established professor and existing research group, not an announcement of a new lab, facility, or startup.",not_relevant,0.95,"The article focuses on Abate’s mentorship recognition and describes an existing research group, not the launch of a new lab.",not_relevant,0.91,"The article focuses on mentorship and an already operating research group; the startup is only mentioned incidentally, not as the subject.",TRUE,FALSE
https://news.mit.edu/2026/electra-aircraft-departs-mit-classroom-and-arrives-at-ohio-factory-0825,A new kind of aircraft departs an MIT classroom and arrives at an Ohio factory,not_relevant,,facility,0.9,"The article centers on scaling an existing company by building a new Ohio manufacturing facility, not on naming an individual’s new lab.",not_relevant,0.93,"The article describes scaling aircraft manufacturing at an established company, not a new research lab or newly founded startup.",not_relevant,0.96,"The article describes an existing aircraft company scaling production at a manufacturing facility, not a new research lab or newly founded startup.",not_relevant,0.91,"The article concerns an established aircraft company and its planned manufacturing facility, not a new research lab or newly founded startup.",TRUE,FALSE
https://news.mit.edu/2026/3-questions-mit-sloan-launches-evening-mba-0811,3 Questions: MIT Sloan launches Evening MBA,not_relevant,,facility,0.86,"The article is about launching a new MBA program at MIT Sloan (a new institutional offering), with no specific new research lab or individual PI lab described.",not_relevant,0.99,"The article describes a new MBA degree program, not a research lab, lab facility, building, or department.",not_relevant,0.99,"The article describes a new degree program, not a research lab, lab space, or prospective lab leader.",not_relevant,0.99,"The article announces an academic degree program, not a research lab, research facility, or prospective lab leader.",TRUE,FALSE
https://news.mit.edu/2026/reframing-leadership-design-problem-nicholas-de-monchaux-0804,Reframing leadership as a design problem,not_relevant,,facility,0.74,"The article focuses on MIT departmental leadership actions and new research/teaching initiatives and infrastructure, including a forthcoming space (the Metropolitan Storage Warehouse), rather than describing an individual newly starting a personal lab.",facility,0.78,"The article describes the department’s forthcoming renovated home and shared workspaces, rather than an individual researcher’s lab.",not_relevant,0.91,"The article is a retrospective on de Monchaux’s departmental leadership, and does not announce a new individual lab, new lab facility, or newly formed department.",facility,0.98,"The article focuses on de Monchaux’s tenure leading a department and its infrastructure, not on his own individual research lab.",TRUE,FALSE
https://news.mit.edu/2026/alexander-rakhlin-named-director-mit-statistics-data-science-center-0803,Alexander Rakhlin named director of  the MIT Statistics and Data Science Center,not_relevant,,facility,0.86,"The article focuses on an established center selecting a new director, not on starting a new individual research lab.",not_relevant,0.96,"The article announces leadership of an existing center, not a new individual lab, facility, or department.",not_relevant,0.98,"The article is about Rakhlin leading an existing center, not starting an individual lab or establishing new lab facilities.",facility,0.99,"The article is about Rakhlin directing an existing center, not starting his own individual research lab.",TRUE,FALSE
https://news.mit.edu/2026/using-reason-again-and-again-brian-hedden-0802,"Using reason, again and again",not_relevant,,not_relevant,0.78,The article profiles MIT faculty Brian Hedden and his research and administrative role (including PI status at an existing lab) but does not describe a newly starting lab space or a future new lab.,prospective,0.87,"Hedden returned to MIT as a newly appointed faculty member in 2025, which meets the prospective category even though the article does not describe a new lab opening.",prospective,0.83,"The article describes Hedden’s recent return to MIT as a faculty hire, which fits the prospective category.",prospective,0.98,"The article is about Brian Hedden, a newly returned MIT faculty member and principal investigator, which qualifies as prospective.",TRUE,FALSE
https://news.mit.edu/2026/mit-projects-selected-funding-under-doe-genesis-mission-0723,MIT projects selected for funding under US Department of Energy’s Genesis Mission,not_relevant,,facility,0.7,"The article focuses on DOE Genesis Mission-funded projects and research leadership/participation, describing new collaborative funding initiatives rather than any specific newly starting individual lab.",not_relevant,0.99,"The article reports funding for collaborative research projects, not a new individual lab, lab facility, or startup.",not_relevant,0.98,"The article reports funding selections for collaborative research projects, not the launch of a new lab, facility, or startup or the appointment of a prospective lab leader.",not_relevant,0.98,"The article reports collaborative research projects selected for funding, not a new individual lab, lab facility, or startup.",TRUE,FALSE
https://news.mit.edu/2026/helping-ai-models-meet-real-world-0714,Helping AI models to meet the real world,not_relevant,,prospective,0.78,"The article centers on Devavrat Shah and describes his co-founding of a spinoff company (Ikigai Labs), signaling a prospective new lab via startup/spinout rather than new lab facility space.",prospective,0.97,"The article centrally discusses Ikigai Labs, a spinoff company co-founded by Shah.",not_relevant,0.89,"The article profiles Shah’s existing research and a spinoff founded in 2019, rather than announcing a new lab or company.",prospective,0.99,"The article describes the founding of a spinoff company, which qualifies as prospective.",TRUE,FALSE
https://news.mit.edu/2026/arthur-bahr-named-head-mit-literature-section-0713,Arthur Bahr named head of MIT’s Literature Section,not_relevant,,facility,0.96,The article describes a leadership appointment heading an academic unit (MIT Literature Section) rather than naming a new individual research lab starting up.,not_relevant,0.98,"The article describes a leadership appointment in an existing section, not a new individual research lab, facility, or department formation.",not_relevant,0.97,"This is a leadership appointment in an existing academic section, not a new research lab, facility, or department formation.",facility,0.99,"The article concerns leadership of an academic section, not Bahr’s own individual research lab.",TRUE,FALSE
https://news.mit.edu/2026/jesse-thaler-named-director-laboratory-nuclear-science-0707,Jesse Thaler named director of the Laboratory for Nuclear Science,not_relevant,,facility,0.9,The article focuses on appointing a director for an existing university laboratory (MIT LNS) rather than creating a new individual lab or startup.,not_relevant,0.96,"The article announces a new director for an established laboratory, not a new individual research lab, facility, or department.",not_relevant,0.94,"The article describes a leadership change at an established laboratory, not a new facility, department, or individual research lab.",not_relevant,0.96,"Thaler is appointed to lead an already established institutional laboratory, and the article does not describe a new individual lab, facility, or department.",TRUE,FALSE
https://news.mit.edu/2026/lerna-ekmekcioglu-named-head-history-section-0702,Lerna Ekmekcioglu named head of MIT’s History Section,not_relevant,,facility,0.87,"The article is about appointing a new head for an existing MIT department unit (the History Section), not about establishing or operating a new individual research lab.",facility,0.99,"The article concerns her appointment to lead a section, not the operation of her own individual research lab.",not_relevant,0.97,"The article reports a section leadership appointment, not a new individual research lab or lab facility.",facility,0.99,"The article concerns her appointment to lead an academic section, not the establishment or operation of her individual research lab.",TRUE,FALSE
https://news.mit.edu/2026/building-scholarly-community-shass-faculty-fellows-0702,Building a scholarly community,not_relevant,,not_relevant,0.93,"The article describes a faculty fellowship/sholarly community program and ongoing research discussions, not the creation of a new research lab or lab space.",prospective,0.98,"The article centers on professors named as participants in a new Faculty Fellows cohort, which qualifies as prospective.",prospective,0.98,"The article centers on a cohort of named faculty fellows, which qualifies as prospective under the stated criteria.",prospective,0.99,"The article’s main subject is a cohort of named Faculty Fellows, which qualifies as prospective under the stated criteria.",TRUE,FALSE
https://news.mit.edu/2026/boleslaw-wyslouch-steps-down-director-laboratory-nuclear-science-0701,Boleslaw Wyslouch steps down as director of Laboratory for Nuclear Science,prospective,"Since Bolek’s appointment as LNS director in 2015, he has helped significantly increase the Laboratory’s research volume. This growth reflects expansion across many areas of nuclear and particle physics, with LNS supporting several new faculty members",prospective,0.78,"The article centers on a named scientist (Wyslouch) moving to lead a specific subgroup center (Bates Research and Engineering Center within LNS), signaling an ongoing/new leadership research role tied to his own lab/group rather than a general facility restructuring.",not_relevant,0.97,"The article focuses on a leadership transition at a long-established laboratory, not a new individual lab or facility.",not_relevant,0.96,"The article is primarily about a director stepping down and continuing existing research, not a new individual lab, facility, or department.",not_relevant,0.98,"The article is about a director stepping down and continuing research, not a new individual lab, facility, or qualifying prospective role.",TRUE,FALSE
https://news.mit.edu/2026/susan-solomon-named-tang-prize-laureate-0617,Susan Solomon named 2026 Tang Prize laureate,not_relevant,,not_relevant,0.96,The article reports an award for an existing MIT professor and does not describe starting a new lab or lab facility.,not_relevant,0.99,"The article is about an award recognizing an established scientist and does not describe a new individual lab, facility, or startup.",prospective,0.87,"The article names Solomon as a research award recipient, which falls under the prospective category.",not_relevant,0.99,"The article focuses on an award recognizing Solomon’s past research and leadership, not a new lab, facility, or prospective lab leader.",TRUE,FALSE
https://news.mit.edu/2026/jinhua-zhao-named-head-department-urban-studies-planning-0611,Jinhua Zhao named head of the Department of Urban Studies and Planning,not_relevant,,facility,0.88,The article is about a named person being appointed head of an existing/restructured department rather than about creating a new individual research lab or startup.,not_relevant,0.96,"The article reports an appointment to lead an existing department, not a new lab, facility, or department formation, and Zhao’s lab is already operating.",prospective,0.86,"Although the article focuses on his appointment as department head, it separately identifies his operating individual research lab, which meets the stated exception.",facility,0.99,"The article is about Zhao leading a department, and it does not describe his individual research lab as newly operating.",TRUE,FALSE
https://news.mit.edu/2026/mit-quantum-initiative-launches-postdoctoral-fellowship-0831,MIT Quantum Initiative launches postdoctoral fellowship program,not_relevant,,prospective,0.78,The article focuses on launching a new postdoctoral fellowship that will place early-career researchers as the program’s key output.,prospective,0.99,"The article announces a postdoctoral fellowship cohort, which qualifies as prospective under the stated criteria.",not_relevant,0.94,"The article announces a fellowship program but names no fellows and describes no individual lab, new lab space, building, or department formation.",prospective,0.99,"The article announces a postdoctoral fellowship program and its incoming fellows, which qualifies as prospective under the stated criteria.",TRUE,TRUE
https://news.mit.edu/2026/dna-shaper-steers-nervous-system-development-0817,DNA shaper steers nervous system development,not_relevant,,not_relevant,0.93,"The article describes ongoing research findings in an existing MIT lab and does not announce a new lab, lab space, or a named person starting a new lab or startup.",not_relevant,0.99,"The article reports research findings from an existing lab and does not describe a new lab, facility, or qualifying appointment.",prospective,0.87,"Dongyeop Lee is identified as a postdoc and is a central researcher in the article, which meets the prospective criterion.",not_relevant,0.99,"The article reports research findings from an existing lab and does not announce a new lab, facility, or qualifying appointment.",TRUE,FALSE
https://news.mit.edu/2026/department-of-biology-kitchen-karen-o-leary-0622,Meet the leader of the Department of Biology’s all-important “kitchen”,not_relevant,,facility,0.93,"The article centers on a Glassware Sterilization Facility (“kitchen”) and staffing/operations supporting lab work, not on a newly named individual starting their own research lab.",not_relevant,0.95,"The article profiles a long-serving staff member and mentions the building only as background, not as a newly established research lab or facility.",not_relevant,0.97,"The article profiles a long-serving facility staff member and does not report a new lab, building, or department formation.",not_relevant,0.99,"The article profiles a long-serving staff member who manages a glassware sterilization facility, not a new lab, lab leader, or research facility.",TRUE,FALSE
https://news.mit.edu/2026/harriet-having-it-all-0612,Harriet having it all,not_relevant,,prospective,0.82,"The article describes Harriet Robinson co-founding the biotech startup GeoVax, indicating a new research lab-type venture tied to her prospective leadership.",not_relevant,0.96,"This is a retrospective biography of a retired researcher, and the company founding described occurred in 2001 rather than signaling a new lab or startup.",not_relevant,0.99,"The article is a retrospective biography of a retired scientist, and GeoVax’s founding and her earlier lab work are historical rather than new developments.",prospective,0.98,"The article’s subject co-founded a biotechnology company, which qualifies as a newly founded startup or spinout.",TRUE,FALSE
https://news.mit.edu/2026/advancing-stem-cell-research-building-next-generation-biologists-giselle-valdes-0611,Advancing stem cell research and building the next generation of biologists,not_relevant,,prospective,0.72,"The article centers on a named MIT PhD student whose future career is described as moving toward a faculty role after her doctorate, indicating potential to start her own research lab.",prospective,0.94,"The article centers on a named fellowship recipient, which meets the prospective category even though she plans to pursue a postdoc and faculty role later.",prospective,0.98,"The article identifies Valdes as a fellowship recipient, which qualifies as prospective under the stated criteria.",not_relevant,0.99,"The article profiles a current doctoral student who hopes to pursue a postdoc and faculty role later, but does not describe a qualifying fellowship, appointment, startup, or new lab or facility.",TRUE,FALSE
https://news.mit.edu/2026/biologist-joey-davis-explores-how-cells-build-complex-structures-0505,Biologist Joey Davis explores how cells build complex structures,not_relevant,,prospective,0.78,"The article focuses on MIT Associate Professor Joey Davis and explicitly states he joined the faculty and assembled a lab group, indicating an operating individual research group rather than a new facility. ",not_relevant,0.98,"The article profiles an established professor and his ongoing research, not a new lab, facility, appointment, fellowship, or startup.",not_relevant,0.98,"This profiles an established faculty member and his existing research lab, not a new lab, facility, or startup.",not_relevant,0.98,"The article profiles an established associate professor and his ongoing research, not a new lab, facility, or prospective lab founder.",TRUE,FALSE
https://news.mit.edu/2026/michael-laub-and-mit-alumni-named-aaas-fellows-0417,Professor Michael Laub and MIT alumni named 2025 AAAS Fellows,not_relevant,,not_relevant,0.96,"The article reports honors (being elected AAAS Fellows) and does not describe any new lab, lab leader, or newly formed research facility.",prospective,0.99,"The article announces that Laub and MIT alumni were named AAAS Fellows, which qualifies as a fellows cohort under the criteria.",prospective,0.99,"The article is about named recipients elected as AAAS Fellows, which falls under the prospective category.",prospective,0.99,"The article announces named scientists as members of the 2025 AAAS Fellows class, which qualifies as a fellowship cohort.",TRUE,FALSE
https://news.mit.edu/2026/enduring-passions-medicine-journalism-triathlons-alex-tang-0325,"Enduring passions for medicine, journalism, and triathlons",not_relevant,,not_relevant,0.93,"The article describes an undergraduate’s existing research and future education plans, not the creation of a new lab or facility or a named person starting their own lab.",prospective,0.98,"The article profiles a named award recipient, which qualifies as prospective under the screening criteria.",prospective,0.99,"The article profiles Tang as a Goldwater Scholarship recipient, which qualifies as prospective under the stated criteria.",prospective,0.96,"The article profiles a Goldwater Scholarship recipient, which qualifies as prospective under the stated criteria.",TRUE,FALSE
https://news.mit.edu/2026/robotic-lab-runs-optics-experiments-on-demand-0917,Robotic lab sets up and runs optics experiments on demand,facility,"MIT scientists have developed a robotic, reconfigurable laser laboratory.",facility,0.9,"The article focuses on creating and expanding a robotic optics lab that autonomously builds and runs experiments, not on any specific new individual lab being started.",not_relevant,0.94,"The article reports a research system developed by an existing MIT team, not the establishment of new lab space or an individual researcher’s own lab.",not_relevant,0.93,"The article describes a research technology developed by a team, not a new research facility or an individual’s prospective lab.",not_relevant,0.98,"The article reports a research system developed by an existing team, not a new individual lab, facility, department, or startup.",TRUE,FALSE
https://news.mit.edu/2026/mit-makes-progress-campus-climate-goals-0915,MIT makes progress on campus climate goals,facility,"The renovation of Building 39, which is set to be home to a next-generation quantum research laboratory",facility,0.9,The article primarily describes campus infrastructure and building renovations (including a lab-by-lab renovation and planned new quantum research lab space) rather than naming an individual’s future lab.,not_relevant,0.96,The article focuses on campus decarbonization; the planned quantum research laboratory is mentioned only incidentally in a building-renovation example.,not_relevant,0.97,"The article is about MIT’s campus decarbonization progress, and the planned quantum research laboratory appears only as an incidental example of an energy-efficient renovation.",not_relevant,0.98,"The article focuses on campus decarbonization progress and infrastructure, not on establishing a research lab, facility, or new organization.",TRUE,FALSE
https://news.mit.edu/2026/playing-against-climate-risk-0831,Playing against climate risk,not_relevant,,not_relevant,0.9,The article describes a funded research project developing climate-risk games rather than a new lab being formed or a person being positioned to start a new lab.,prospective,0.78,"The article names a postdoc as a key contributor to the research, which falls under the prospective category even though it does not say they are starting a lab.",not_relevant,0.96,"The article describes an ongoing climate-adaptation research project, while the postdoc is mentioned only as a contributor and no new lab or lab leader is announced.",not_relevant,0.98,"The article describes an ongoing research project and its methods, not a new individual lab, lab facility, or qualifying prospective lab leader.",TRUE,FALSE
https://news.mit.edu/2026/gage-coon-earth-scientist-exploring-power-microbes-0828,Gage Coon: An Earth scientist exploring the power of microbes,not_relevant,,prospective,0.78,"The article profiles a current PhD student conducting ongoing research and explicitly discusses his plans to continue in academia or apply environmental technologies, signaling a prospective future lab leader rather than a new facility or department.",not_relevant,0.98,"The article profiles a current PhD student and does not describe a new individual lab, qualifying appointment, fellowship, startup, or facility.",not_relevant,0.99,"The article profiles a current PhD student and his research, without describing a new lab, qualifying appointment, fellowship, or startup.",not_relevant,0.99,"The article profiles a current PhD student's research and does not describe a new lab, appointment, fellowship, or startup.",TRUE,FALSE
https://news.mit.edu/2026/tackling-rare-genetic-disorders-patient-focused-science-shannon-knight-0818,Tackling rare genetic disorders with patient-focused science,not_relevant,,prospective,0.9,"The article centers on Shannon Knight’s ongoing doctoral research and her stated plan to continue training with the goal of eventually becoming a faculty member, indicating a prospective future lab leader rather than a new facility.",not_relevant,0.96,"The article profiles a current PhD student who plans to pursue postdoctoral research, but does not say she has been appointed to a postdoctoral position or is starting a lab.",not_relevant,0.94,"The article profiles a current doctoral student working in an existing lab, and her postdoctoral research is only a future plan; it does not report a new lab or qualifying appointment.",not_relevant,0.98,"The article profiles a current doctoral student’s research and teaching, and her postdoctoral plans do not identify her as a fellow or indicate a prospective lab.",TRUE,FALSE
https://news.mit.edu/2026/how-influx-salt-may-affect-microbial-ecosystems-0717,How an influx of salt may affect microbial ecosystems,not_relevant,,not_relevant,0.86,The article describes existing research findings about salt effects on microbial ecosystems and does not report a newly forming lab space or any person’s lab being newly established.,prospective,0.94,"The article identifies its lead author as a postdoc, which qualifies as prospective under the stated criteria.",not_relevant,0.96,"The article is about research findings, and the named postdoc is mentioned as the study’s lead author rather than as the subject of a lab or career announcement.",not_relevant,0.96,"The article is about research findings; the postdoc is mentioned as the study’s lead author, not as the subject of a prospective lab announcement.",TRUE,FALSE
https://news.mit.edu/2026/understanding-world-from-cold-war-to-age-of-ai-0917,"Understanding the world, from the Cold War to the age of AI",not_relevant,,not_relevant,0.93,The article describes an existing MIT center and its programs and leadership rather than naming a new individual lab or a newly created lab facility.,not_relevant,0.96,"The article is about the history and ongoing work of an established center, not a new individual lab, lab facility, department, fellow, or startup.",not_relevant,0.94,"The article is primarily a retrospective and overview of CIS, not an announcement of a new individual lab, lab space, building, or department.",facility,0.94,"The article centers on the established Center for International Studies and its programs, rather than a newly named person’s individual lab or a new startup.",TRUE,FALSE
https://news.mit.edu/2026/pink-noise-burst-may-mean-more-restorative-sleep-0909,A burst of “pink noise” may lead to more restorative sleep,not_relevant,,prospective,0.62,"The article describes a lead author starting a company to develop a device, indicating a new prospective research-oriented venture rather than a new lab facility.",not_relevant,0.94,"The article is primarily about research findings; Levitt’s company is only an incidental mention, not the article’s subject.",not_relevant,0.94,"The article focuses on sleep research findings, while Levitt’s newly started company is only an incidental mention.",prospective,0.98,"The article reports that a researcher has started a company, which qualifies as a newly founded startup or spinout.",TRUE,FALSE
https://news.mit.edu/2026/archived-building-18-updates-0830,Archived: Building 18 Updates,not_relevant,,facility,0.98,"The article solely reports MIT Building 18 being closed and reopening after a hazardous materials incident, with no new individual lab or prospective lab leader described.",not_relevant,0.99,"The article reports a hazardous-material incident and temporary building closure, not a new lab, facility, or research group.",not_relevant,0.99,"The article reports a hazardous-material incident and the reopening of an existing building, not a new lab, facility, or research group.",not_relevant,0.99,"The article reports a hazardous-material incident and building decontamination, not a new research lab, facility, or prospective lab leader.",TRUE,FALSE
https://wi.mit.edu/news/conversation-about-whiteheads-next-chapter,A Conversation About Whitehead's Next Chapter,not_relevant,,facility,0.74,"The article discusses philanthropy and the Whitehead Fellows Program enabling future independent labs, but it does not indicate any specific new lab being launched in the US; the focus is institutional support and programs rather than a newly named individual’s operating lab.",not_relevant,0.98,"The article is about Whitehead’s future and philanthropy, mentioning its Fellows Program only as historical context rather than announcing a new lab or facility.",not_relevant,0.97,"The article discusses Whitehead’s institutional direction and philanthropy, not a specific new lab, facility, or prospective lab leader.",not_relevant,0.97,"The article discusses the institute’s history, philanthropy, and existing fellows program, not a newly named fellow, individual lab, or new facility.",TRUE,FALSE
https://wi.mit.edu/stem-cell-core,Stem Cell Core,not_relevant,,facility,0.97,"The article describes an existing directed stem cell core facility providing services and training, not an individual starting a new lab.",not_relevant,0.98,"The article describes an established shared stem cell facility, not a newly opened lab, new facility, or individual research lab.",not_relevant,0.95,"The article describes an established stem cell facility founded in 2005, not a newly established lab, facility, or department.",facility,0.99,"The article describes an established shared stem cell facility and its services, not an individual researcher’s own lab.",TRUE,FALSE
https://www.broadinstitute.org/bios/marco-colonna,Marco Colonna,not_relevant,,not_relevant,0.9,"The text profiles an existing principal investigator and his research background, without indicating a new lab, lab space, or newly forming institution.",not_relevant,0.97,"This is a profile of an established researcher and does not announce a new lab, appointment, facility, or startup.",not_relevant,0.98,"This is a profile of an established investigator and does not announce a new lab, appointment, facility, or startup.",prospective,0.88,"The article identifies Colonna as a principal investigator, indicating an individual research group leader.",TRUE,FALSE
https://hms.harvard.edu/news/ode-science,An Ode to Science,not_relevant,,not_relevant,0.93,"The article describes symposium awards and historical scientific advances, not the opening of a new US research lab or new individual lab being formed.",prospective,0.97,"The article centers on prize recipients, and the stated criteria classify award recipients as prospective.",not_relevant,0.98,"The article covers an established symposium and past scientific achievements, not a new lab, facility, or prospective lab leader.",not_relevant,0.99,"The article reports on a symposium celebrating past discoveries and treatments, not a new lab, facility, prospective lab leader, or startup.",TRUE,FALSE
https://hms.harvard.edu/news/honoring-cf-pioneers,Honoring CF Pioneers,not_relevant,,not_relevant,0.99,The article describes an award honoring past scientists’ discoveries and does not indicate creation of a new lab space or a named person starting a new lab.,prospective,0.88,"The article centers on scientists receiving an award, which the criteria classify as prospective.",not_relevant,0.96,The article honors established scientists for past discoveries and does not announce a new lab or a prospective lab leader.,not_relevant,0.99,"The article honors scientists for past research discoveries and does not announce a prospective lab, new lab space, or departmental restructuring.",TRUE,FALSE
https://www.damonrunyon.org/scientists/stephanie-gaglione-phd,"Stephanie A. Gaglione, PhD",not_relevant,,prospective,0.78,"The article centers on Dr. Stephanie A. Gaglione’s planned research work using new tools, indicating an ongoing/initiated individual research endeavor rather than a new lab facility or unrelated content.",not_relevant,0.91,"The article describes a research project but does not identify Dr. Gaglione as a new PI, fellow, award recipient, or founder.",not_relevant,0.93,"The text describes a research project but does not state that Gaglione received an award or fellowship, was newly appointed, or is starting a lab.",not_relevant,0.91,"The article describes planned research but does not say Dr. Gaglione is a new hire, fellow, award recipient, or founder of a startup.",TRUE,FALSE
https://www.damonrunyon.org/scientists/jaejin-kim-phd,"Jaejin Kim, PhD",not_relevant,,prospective,0.55,"The text centers on Dr. Kim’s research aims to uncover tissue memory mechanisms, indicating an individual researcher’s prospective lab focus rather than new facilities or a restructuring event.",not_relevant,0.91,"The article describes Dr. Kim’s research aims and background but does not state that he is starting a lab, receiving an award or fellowship, or establishing a facility.",not_relevant,0.91,"The article describes Dr. Kim’s research aims but does not say he is starting a lab, receiving an award, or establishing a facility.",not_relevant,0.88,"The article describes a research aim but does not state that Dr. Kim is starting a lab, received a qualifying award, or is associated with new lab space.",TRUE,FALSE
https://www.biolabs.io/post/launch-of-applications-for-the-abbvie-japan-innovation-award-in-partnership-with-biolabs,Launch of Applications for the AbbVie Japan Innovation Award In Partnership with BioLabs,not_relevant,,facility,0.86,The article mainly announces the Golden Ticket Program tied to access to a newly established incubation facility (BioLabs Tokyo) rather than any specific individual’s future or operating lab.,not_relevant,0.99,"The article describes an award and a new laboratory in Tokyo, not a new research lab in the United States.",not_relevant,0.99,"The article describes an award and a new laboratory facility in Japan, not a new research lab in the US.",facility,0.99,"The article announces an award program tied to BioLabs Tokyo’s new laboratory facility, not a specific person’s individual lab or a newly founded startup.",TRUE,FALSE
https://www.biolabs.io/post/abbvie-joins-biolabs-tokyo-as-a-founding-sponsor-to-accelerate-life-sciences-innovation,AbbVie Joins BioLabs Tokyo as a Founding Sponsor to Accelerate Life Sciences Innovation,not_relevant,,facility,0.86,"The article is about launching and operating a new BioLabs Tokyo innovation hub with shared lab facilities, not about a specific person starting an individual research lab.",not_relevant,0.99,"The article describes a new BioLabs facility in Japan, not a research lab in the US.",not_relevant,0.99,"The article describes a new laboratory hub in Tokyo, Japan, not a new research lab or facility in the US.",facility,0.99,"The article is about launching a shared laboratory innovation hub in Tokyo, not an individual person's research lab or a new startup.",TRUE,FALSE
https://www.biolabs.io/post/abbvie-expands-global-partnership-with-biolabs-and-joins-biolabs-university-of-toronto-as-a-founding,AbbVie Expands Global Partnership with BioLabs and Joins BioLabs University of Toronto as a Founding Sponsor of the Site,not_relevant,,facility,0.93,"The article focuses on launching a new BioLabs University of Toronto shared laboratory facility and AbbVie’s sponsorship, not on an individual named person starting an individual research lab.",not_relevant,0.99,"The article describes a new shared laboratory facility in Toronto, Canada, not a new research lab in the US.",not_relevant,0.99,"The article describes a new lab facility in Toronto, Canada, not a new research lab in the US.",not_relevant,0.99,"The article announces a new shared laboratory facility in Toronto, Canada, not a new research lab in the US.",TRUE,FALSE
https://www.biolabs.io/post/daiichi-sankyo-joins-biolabs-san-diego-as-platinum-sponsor,Daiichi Sankyo Joins BioLabs San Diego as Platinum Sponsor,not_relevant,,facility,0.9,"The article focuses on BioLabs San Diego as a shared laboratory space and its sponsorship, not on any individual lab being newly created by a specific person.",not_relevant,0.97,"The article is about a sponsorship of an existing shared-lab incubator, not a new lab, facility, department, or startup.",not_relevant,0.97,"The article announces a sponsorship of an existing shared-lab site, not a new lab, facility, or startup.",not_relevant,0.95,"The article announces a sponsorship of an existing shared-lab incubator, not a new lab, facility, department, or startup.",TRUE,FALSE
https://www.biolabs.io/post/abbvie-japan-announces-winners-of-the-innovation-award,AbbVie Japan Announces Winners of the Innovation Award,not_relevant,,not_relevant,0.9,"The article announces award winners for startups and mentorship and only mentions future coworking facility usage, not a new US research lab being created with an individual lab or department formation.",not_relevant,0.97,"The article announces awards to existing Japanese startups and mentions a future BioLabs facility in Japan, not a new US lab.",not_relevant,0.98,"The article reports awards and a planned facility in Japan, not a new research lab in the US.",facility,0.98,"The article’s main subject is an innovation award, and its relevant lab signal is a new BioLabs facility in Japan, not in the US.",TRUE,FALSE
https://www.biolabs.io/post/biolabs-tum-innovation-hub-munich,Launching BioLabs | TUM: Where science powers startups,not_relevant,,facility,0.92,"The article describes launching a new biotechnology innovation hub with refurbished lab space and office areas for startups, not the prospective creation of a specific individual researcher’s lab.",not_relevant,0.99,"The article describes a new shared biotech lab hub in Munich, Germany, not a new research lab in the US.",not_relevant,0.99,"The article announces a new shared biotech lab hub in Munich, Germany, not in the US.",facility,0.99,"The article announces a new shared laboratory hub and facility, not an individual person's research lab.",TRUE,FALSE
https://www.biolabs.io/post/clinical-incubator-berlin-biolabs-bih,BIH and BioLabs Launch Clinical Incubator to Accelerate Translational Biotech in Berlin,not_relevant,,facility,0.94,"The article’s main subject is the launch of a new hospital-embedded clinical incubator facility (CLIC), not an individual’s new lab or prospective PI lab.",not_relevant,0.99,"The article describes a new incubator in Berlin, not a research lab or facility in the US.",not_relevant,0.99,"The article describes a newly launched incubator in Berlin, not a new research lab or facility in the US.",not_relevant,0.99,"The article describes a new incubator in Berlin, not a new research lab or facility in the US.",TRUE,FALSE
https://www.biolabs.io/post/the-grand-opening-of-spartners-at-paris-saclay,We Celebrate the Grand Opening of Spartners by Servier &#38; BioLabs at Paris-Saclay : A Premier Global Innovation Hub for Life Sciences,not_relevant,,facility,0.93,"The article centers on the grand opening of an incubator/lab space (Spartners by Servier & BioLabs), not on an individual named person starting a new lab.",not_relevant,0.98,"The article describes an incubator opening in France, not a new research lab or facility in the US.",not_relevant,0.98,"The article describes an incubator opening in Paris-Saclay, France, not a new research lab or facility in the US.",facility,0.98,"The article’s main subject is the opening of a life-sciences incubator and its lab space, not an individual researcher’s lab.",TRUE,FALSE
https://www.biolabs.io/post/bioinnovation-labs-biolabs-labcentral-and-mbc-biolabs-announce-strategic-partnership-with-abbvie,"BioInnovation Labs (BioLabs), LabCentral and MBC BioLabs Announce Strategic Partnership with AbbVie to Boost Innovation in key biotech clusters in the US and Europe.",not_relevant,,facility,0.78,"The article describes an existing network of shared lab facilities and a partnership to sponsor free bench space for startups, not the emergence of an individual person's new research lab.",not_relevant,0.98,"The article describes a partnership supporting existing biotech incubators and startups, not a new individual lab, facility, or startup.",not_relevant,0.98,"The article announces a partnership to support existing biotech networks and facilities, not a new individual lab, lab space, or startup.",not_relevant,0.96,"The article announces a partnership supporting existing biotech startups and shared lab facilities, not a new individual lab, lab space, or startup.",TRUE,FALSE
https://www.biolabs.io/post/link-j-biolabs-and-mitsui-fudosan-to-launch-collaboration-to-strengthen-the-startup-ecosystem-in-th,"LINK-J, BioLabs and Mitsui Fudosan to Launch Collaboration to Strengthen the Startup Ecosystem in the Life Sciences Field ""LINK-BioBAY TOKYO""",not_relevant,,facility,0.78,"The article focuses on launching and operating a shared startup incubation cluster and planning additional laboratory/office space, rather than naming an individual’s new operating research lab.",not_relevant,0.91,"The announced cluster and planned additional laboratory space are in Tokyo, while the Boston activity base is at an already existing shared lab, so the article does not announce a new US lab.",facility,0.84,"The collaboration plans to launch additional shared laboratory and office space, and the article names no individual research lab as its subject.",facility,0.97,"The article announces a startup incubation cluster and plans for shared laboratory space, not an individual researcher’s lab or a newly founded startup.",TRUE,FALSE
https://www.biolabs.io/post/biolabs-partners-with-klsap-announces-2024-accelerator-program-startups,BioLabs Partners with KLSAP Announces 2024 Accelerator Program Startups,not_relevant,,prospective,0.82,"The article announces selected startups (Enterobiome, LinqMed, Physiologas) entering an accelerator program, indicating prospective research/innovation labs via new startup formation and development rather than new shared lab facilities or research findings.",not_relevant,0.96,"The article announces existing startups joining an accelerator program, not a newly founded company, individual research lab, or new lab facility.",not_relevant,0.94,"The article announces existing startups selected for an accelerator program, but does not say a startup is newly founded or describe a new lab or facility.",prospective,0.98,"The article announces newly selected life science startups, which are prospective under the stated criteria.",TRUE,FALSE
https://www.biolabs.io/post/biolabs-announces-new-collaboration-with-astellas-to-support-sakulab-tsukuba,BioLabs Announces New Collaboration with Astellas to Support SakuLab™-Tsukuba,not_relevant,,facility,0.72,"The article focuses on a collaboration to support an innovation hub/shared lab space (SakuLab™-Tsukuba), not on a specific named individual starting or leading a new research lab in the US.",not_relevant,0.99,"The article describes a collaboration supporting an existing innovation hub in Japan, not a new US lab, facility, or prospective lab leader.",not_relevant,0.98,"The article describes a partnership supporting an existing innovation hub in Japan, not a new US lab, facility, or prospective lab leader.",not_relevant,0.99,"The article describes support for an innovation hub in Japan, not a new US lab, facility, or prospective lab leader.",TRUE,FALSE
https://www.biospace.com/job-trends/growth-mode-3-biotechs-that-are-staffing-up-after-series-b-raises,Growth mode: 3 biotechs that are staffing up after series B raises,prospective,The biotech is hiring for several positions…,prospective,0.9,"The article is about biotech companies expanding and hiring after series B raises, signaling growth in existing labs rather than new facilities or departmental restructuring.",not_relevant,0.91,"The article covers hiring and growth at existing biotechs, without reporting a newly founded startup or a new individual research lab or facility.",not_relevant,0.94,"The article is about established biotechs raising funds and hiring, and does not describe a new US lab, facility, or newly founded company.",not_relevant,0.96,"The article covers hiring and financing at existing biotechs, but does not describe a new individual lab, lab facility, department, or newly founded company.",TRUE,TRUE
https://www.biospace.com/job-trends/pharmas-face-off-for-manufacturing-talent-amidst-reshoring-efforts,Pharmas face off for manufacturing talent amidst reshoring efforts,not_relevant,,facility,0.84,"The article focuses on pharma companies building and expanding U.S. manufacturing sites (new facilities and campuses) that require staffing, rather than any specific person’s newly forming lab.",not_relevant,0.88,"The article focuses on staffing pharmaceutical manufacturing sites, not on a new research lab, lab space, or individual research group.",not_relevant,0.94,"The article focuses on staffing pharmaceutical manufacturing sites, not a new research lab, lab space, or research department.",facility,0.96,"The article focuses on pharmaceutical companies expanding and building manufacturing facilities, without describing any individual person's research lab.",TRUE,FALSE
https://news.mit.edu/2026/fundamentals-precision-design-alex-slocum-0923,FUNdaMENTALs of precision design,not_relevant,,not_relevant,0.93,"The article describes an MIT course and teaching content, not the creation of a new research lab or lab space.",not_relevant,0.99,"The article is about an existing engineering course and its teaching approach, not a new lab, facility, or prospective lab leader.",not_relevant,0.99,"The article focuses on an existing engineering course and its teaching, not a new lab, facility, or prospective lab leader.",not_relevant,"The article is about an existing MIT course and its teaching approach, not a new lab, facility, or prospective lab leader.",FALSE,FALSE,
https://news.mit.edu/2026/mit-researchers-mapping-extreme-weather-risks-building-tools-to-act-0918,MIT researchers are mapping extreme weather risks — and building tools to act on them,not_relevant,,not_relevant,0.86,"The article describes ongoing MIT research and deployment of tools under a Climate Grand Challenge, with no new individual lab or facility/lab space being formed.",not_relevant,0.98,"The article describes ongoing research collaborations and their findings, not a new lab, facility, or prospective lab leader.",not_relevant,0.99,"The article reports outcomes of an existing research initiative and does not announce a new lab, facility, or qualifying prospective lab leader.",not_relevant,"The article reports on ongoing climate research and its tools, without announcing a new individual lab, facility, department, or startup.",FALSE,FALSE,
https://news.mit.edu/2026/tenured-professors-school-humanities-arts-social-sciences-0917,"Meet the 2026 tenured professors in the School of Humanities, Arts, and Social Sciences",not_relevant,,not_relevant,0.93,"The article lists professors receiving tenure and describes their research backgrounds, without indicating new lab creation or new lab space.",not_relevant,0.97,"The article is about faculty receiving tenure and does not describe a new individual research lab, facility, or department.",not_relevant,0.97,"The article reports faculty tenure and does not describe a new individual research lab, facility, or qualifying prospective lab leader.",not_relevant,"The article announces tenure for existing faculty and does not describe a new individual lab, lab space, or department.",FALSE,FALSE,
https://news.mit.edu/2026/faculty-receive-promotions-school-architecture-and-planning-0903,Faculty receive promotions in the School of Architecture and Planning for 2026,not_relevant,,not_relevant,0.96,"The article reports faculty promotions and mentions existing labs/groups led by individuals, but it does not describe a new lab being created or a future lab starting.",not_relevant,0.98,"The article reports faculty promotions and mentions existing research groups and labs, but does not announce a new lab, facility, or prospective lab leader.",not_relevant,0.98,"The article reports faculty promotions and mentions existing research groups, but does not signal a new lab, facility, or startup.",not_relevant,"The article reports promotions of existing faculty and mentions their established research groups, not a new lab, facility, or prospective lab leader.",FALSE,FALSE,
https://news.mit.edu/2026/3-questions-essential-role-of-international-engagement-0903,3 Questions: The essential role of international engagement,not_relevant,,not_relevant,0.92,"The article discusses MIT’s international engagement policies and research collaboration examples, with no indication of a new US research lab or individual lab formation.",not_relevant,0.99,"The article discusses MIT’s international engagement policies and does not describe a new lab, facility, department, or prospective lab leader.",not_relevant,0.99,"The article discusses MIT’s general international engagement and does not describe a new lab, facility, or prospective lab leader.",not_relevant,"The article discusses MIT’s international engagement policies and benefits, not a new lab, facility, department, or lab-founding person.",FALSE,FALSE,
https://news.mit.edu/2026/mit-assistant-professor-thomas-rose-archaeometallurgy-expert-dies-0903,"Assistant Professor Thomas Rose, an expert in archaeometallurgy, dies at 37",prospective,New professors,prospective,0.9,"The article is centered on newly hired MIT Assistant Professor Thomas Rose, who was preparing his own new laboratory when he died, indicating a prospective new research lab.",prospective,0.98,The article describes Rose as a newly hired assistant professor whose individual research lab was beginning to recruit graduate researchers.,prospective,0.84,"Although framed as an obituary, the article describes newly hired Assistant Professor Thomas Rose’s individual lab and its first graduate researchers.",prospective,The article centers on a newly hired assistant professor whose individual research lab was being established and had begun receiving graduate researchers.,FALSE,FALSE,
https://news.mit.edu/2026/retooling-to-help-democracy-revive-daron-acemoglu-book-0826,Retooling to help democracy revive,not_relevant,,not_relevant,0.97,"The article discusses an MIT economist’s research and a newly published book, with no indication of a new US lab, facility, or prospective lab being formed.",not_relevant,0.99,"The article focuses on Acemoglu’s book and views on democracy, and does not describe a new lab, facility, or qualifying appointment.",not_relevant,0.99,"The article profiles Acemoglu’s ideas and book, and does not describe a new lab, facility, appointment, fellowship, or startup.",not_relevant,"The article focuses on Acemoglu’s book and views on democracy, not a new lab, facility, or qualifying appointment.",FALSE,FALSE,
https://news.mit.edu/2026/global-design-creating-innovations-that-scale-across-borders-0819,Creating innovations that scale across borders,not_relevant,,not_relevant,0.78,The article discusses a book and existing research commercialization and does not indicate a new US research lab being launched or a specific person starting an individual lab.,not_relevant,0.99,"The article focuses on a book and existing research, not a new lab, facility, hire, fellowship, or startup.",not_relevant,0.99,"The article focuses on a book about innovation and mentions Winter’s existing research group, not a new lab or facility.",not_relevant,"The article focuses on a book and its innovation framework, not a new lab, facility, appointment, fellowship, or startup.",FALSE,FALSE,
https://news.mit.edu/2026/how-35-percent-us-employees-are-left-on-margins-paul-osterman-book-0818,How 35 percent of US employees are left on the margins,not_relevant,,not_relevant,0.97,"The article is a discussion of labor economics research and a newly published book, with no indication of a new lab being started or a new lab facility/department being formed.",not_relevant,0.99,"The article focuses on Osterman’s book and labor-market trends, not a new research lab, facility, or lab prospect.",not_relevant,0.99,"The article discusses a book about U.S. employment trends and does not describe a new research lab, facility, or prospective lab leader.",not_relevant,"The article focuses on a book about employment trends and does not describe a new lab, lab space, or prospective lab leader.",FALSE,FALSE,
https://news.mit.edu/2026/qa-eugene-fitzgerald-rethinking-how-innovation-happens-0817,Q&A: Rethinking how innovation happens,not_relevant,,not_relevant,0.92,"The article is a Q&A about innovation concepts and Fitzgerald’s experiences with research and industry, with no new US research lab, facility, or newly operating lab described.",not_relevant,0.98,"The article is an interview about Fitzgerald’s book and innovation, not a new lab, facility, appointment, fellowship, or startup.",not_relevant,0.98,"The article is about Fitzgerald’s book and views on innovation, while his company is mentioned only as a past anecdote and no new lab or startup is announced.",not_relevant,"The article is an interview about Fitzgerald’s book and views on innovation, not a new lab, lab space, or startup.",FALSE,FALSE,
https://news.mit.edu/2026/chiang-chung-mei-dies-0814,"Professor Emeritus Chiang Chung Mei, pioneering scholar of ocean wave dynamics and fluid mechanics, dies at 91",not_relevant,,not_relevant,0.98,The article is an obituary/tribute to a deceased MIT professor emeritus and does not describe the creation of a new lab or research facility or a prospective PI starting a lab.,not_relevant,1,"The article is an obituary about a longtime professor and does not announce a new lab, facility, or prospective lab leader.",not_relevant,0.99,"The article is an obituary about a professor emeritus and does not announce a new lab, facility, or prospective lab leader.",not_relevant,"The article is an obituary about a professor emeritus and does not announce a new lab, lab space, or startup.",FALSE,FALSE,
https://news.mit.edu/2026/featured-video-mit-story-paula-hammond-0812,Featured video: An “MIT story” about an iconic professor,not_relevant,,not_relevant,0.93,"The article describes a documentary film about an existing professor’s career and leadership, with no indication of a new research lab or facility being created.",not_relevant,0.99,"The article is about a documentary on an established professor’s career, not a new lab, lab space, or prospective lab leader.",not_relevant,0.99,"The article is about a documentary on an established professor, not a new lab, facility, or prospective lab leader.",not_relevant,"The article is about a documentary celebrating an established professor and does not announce a new lab, lab space, or qualifying appointment.",FALSE,FALSE,
https://news.mit.edu/2026/past-prologue-geopolitical-developments-0804,Past is prologue for geopolitical developments,not_relevant,,not_relevant,0.93,"The article is a summary of an associate professor’s book and research on economic nationalism, with no indication of a new lab facility or a named prospective lab founder/startup.",not_relevant,0.99,"The article discusses an associate professor’s book and research, not a new lab, facility, or prospective lab leader.",not_relevant,0.99,"The article profiles an associate professor’s book and research, with no new lab, lab space, or prospective lab leader described.",not_relevant,"The article discusses Jason Jackson’s book and research, with no new lab, facility, appointment, fellowship, or startup described.",FALSE,FALSE,
https://news.mit.edu/2026/daniela-rus-receives-bavarian-minister-presidents-high-tech-prize-0730,Daniela Rus receives Bavarian Minister-President's High-Tech Prize,not_relevant,,not_relevant,0.88,The article is an award/profile of an existing lab director’s research and does not describe creation of a new US research lab or facility.,not_relevant,0.98,The article’s main subject is Rus receiving an award; her existing lab and the incidental mention of a founded startup do not signal a new lab as the article’s subject.,not_relevant,0.97,"The article is about Rus receiving an award, while the existing lab and founded startup are incidental mentions.",not_relevant,"The article is primarily about Rus receiving an award, while the mention of Liquid AI’s founding is incidental and does not make a new lab or startup the subject.",FALSE,FALSE,
https://news.mit.edu/2026/robert-cohen-dies-0728,"Professor Emeritus Robert Cohen, pioneering polymers researcher and devoted mentor, dies at 79",not_relevant,,not_relevant,0.93,"The article is an obituary describing Robert Cohen’s career and educational programs, not the creation of a new research lab or prospective lab leader.",not_relevant,0.99,"The article is an obituary about a retired professor and describes historical work, not a new lab, facility, or startup.",not_relevant,0.99,"The article is an obituary about a deceased professor and does not announce a new lab, lab space, or prospective lab leader.",not_relevant,"The article is an obituary about a longtime professor and does not announce a new lab, lab space, department, fellowship, or startup.",FALSE,FALSE,
https://news.mit.edu/2026/looking-beyond-research-anna-christina-eilers-0723,Looking beyond research,not_relevant,,not_relevant,0.94,"The article describes mentorship and research approach within an existing professor’s group and does not indicate a new lab, facility, or upcoming individual lab founding.",not_relevant,0.98,"The article focuses on mentorship within Eilers’ existing research group and does not signal a new lab, facility, appointment, or startup.",not_relevant,0.99,"The article is about mentorship in an existing research group, not a new lab, facility, or prospective lab leader.",not_relevant,"The article focuses on Professor Eilers’ mentorship and recognition, not a new lab, facility, or prospective lab leader.",FALSE,FALSE,
https://news.mit.edu/2026/dimitri-bertsekas-influential-computer-scientist-prolific-author-dies-0722,"Professor Emeritus Dimitri Bertsekas, influential computer scientist and prolific author, dies at 83",not_relevant,,not_relevant,0.99,"The article is an obituary highlighting Dimitri Bertsekas’ career and mentorship, with no indication of a new lab starting or a new lab facility being created.",not_relevant,0.99,"The article is an obituary about Bertsekas, and his mention as a principal investigator in LIDS is incidental rather than news of a new lab.",not_relevant,0.99,"The article is an obituary about a professor’s career and impact, not the start of a new lab, facility, or startup.",not_relevant,"The article is an obituary about Bertsekas’s career and legacy, not an announcement of a new lab, facility, or prospective lab leader.",FALSE,FALSE,
https://news.mit.edu/2026/emery-brown-daniel-hastings-douglas-lauffenburger-named-institute-professors-0720,"Emery Brown, Daniel Hastings, and Douglas Lauffenburger named Institute Professors",not_relevant,,not_relevant,0.9,The article is about faculty receiving a title (Institute Professorship) rather than founding or signaling a new research lab or facility.,not_relevant,0.99,"The article is about established faculty receiving an honor, not a new lab, facility, department, or prospective lab leader.",not_relevant,0.99,"The article reports established faculty receiving an honor and does not describe a new lab, lab space, or newly founded company.",not_relevant,"The article is about established faculty receiving an honor, not a new lab, facility, appointment, or startup.",FALSE,FALSE,
https://news.mit.edu/2026/school-humanities-arts-and-social-sciences-welcomes-six-new-faculty-0717,"School of Humanities, Arts, and Social Sciences welcomes six new faculty for 2026",not_relevant,,prospective,0.93,"The article centers on MIT welcoming six newly hired professors, which indicates prospective new individual research labs/groups in academia.",prospective,0.98,"The article announces newly appointed assistant professors at MIT, which qualifies as prospective under the stated criteria.",prospective,0.98,"The article announces newly appointed assistant professors, which qualify as prospective lab leaders under the stated criteria.",prospective,"The article announces newly appointed faculty, including assistant professors, who qualify as prospective individual lab leaders under the criteria.",FALSE,FALSE,
https://news.mit.edu/2026/following-questions-where-they-lead-bailey-flanigan-0717,Following the questions where they lead,not_relevant,,prospective,0.7,"The article centers on Bailey Flanigan as a named MIT principal investigator with ongoing leadership of her research agenda, indicating an individual lab-style role rather than new facilities or departments.",prospective,0.99,The article profiles Flanigan as a newly appointed faculty member and principal investigator at MIT.,prospective,0.96,"The article profiles Flanigan as a newly appointed MIT faculty member and PI, which signals a prospective individual lab.",prospective,"The article profiles Flanigan as a faculty member and principal investigator, which qualifies as prospective under the stated criteria.",FALSE,FALSE,
https://news.mit.edu/2026/3-questions-neural-transparency-and-future-of-ai-design-0715,3 Questions: Neural transparency and the future of AI design,not_relevant,,not_relevant,0.92,"The article discusses a published research paper and interview about a tool, with no indication of a new US lab space or a newly launching lab by an individual.",not_relevant,0.98,"The article focuses on research findings and does not describe a new hire, a new individual lab, or a new facility.",not_relevant,0.98,"The article is an interview about research findings and does not report a new hire, fellowship, startup, or new lab facility.",not_relevant,"The article focuses on research findings and an interview with an existing assistant professor, not a new lab, facility, or qualifying appointment.",FALSE,FALSE,
https://news.mit.edu/2026/mit-professor-susumu-tonegawa-renowned-molecular-biologist-nobel-laureate-dies-0715,"MIT Professor Susumu Tonegawa, renowned molecular biologist and Nobel laureate, dies at 86",not_relevant,,not_relevant,0.98,"The article is an obituary describing an existing MIT professor’s career and discoveries, with no indication of a new US lab being founded or led by a specific new person.",not_relevant,0.99,"The article is an obituary about a deceased scientist and does not announce a new lab, facility, or prospective lab leader.",not_relevant,0.99,"The article is an obituary about a deceased scientist and does not announce a new lab, facility, or prospective lab leader.",not_relevant,"The article is an obituary about an established scientist and does not announce a new lab, facility, or prospective lab leader.",FALSE,FALSE,
https://news.mit.edu/2026/ana-miljacki-named-head-department-architecture-0708,Ana Miljački named head of the Department of Architecture,facility,,facility,0.86,"The article’s main focus is Miljački becoming head of a department and the department’s relocation to a new building, indicating a facility/organizational change rather than a new individual lab.",facility,0.95,"The article describes the department’s move into a new building, while Miljački’s existing lab is only background and no new individual lab is announced.",facility,0.91,"The article focuses on a new department head and the department’s move to a new building, rather than announcing a new individual lab.",facility,"The article’s main subject is Miljački’s appointment to lead a department, which is classified as facility rather than prospective.",FALSE,FALSE,
https://news.mit.edu/2026/two-mit-faculty-members-named-2026-pew-biomedical-scholars-0629,Two MIT faculty members named 2026 Pew Biomedical Scholars,not_relevant,,prospective,0.86,"The article focuses on two MIT scientists being named early-career Pew Biomedical Scholars with multi-year funding to pursue their research, indicating prospective lab leaders rather than new facilities.",prospective,0.99,"The article’s main subject is two named researchers receiving early-career scholar awards, which qualifies as prospective.",prospective,0.99,"The article is about named early-career researchers receiving a scholar award, which qualifies as prospective.",prospective,"The article announces Henry and Wong as members of a cohort of early-career research fellows, which qualifies as prospective.",FALSE,FALSE,
https://news.mit.edu/2026/david-autor-named-head-department-economics-0626,David Autor named head of the Department of Economics,facility,,facility,0.9,The article is about leadership of an existing/ongoing MIT department (department head effective July 1) rather than the creation of an individual new research lab.,facility,0.99,"The article is about Autor leading a department, not about his own individual research lab.",facility,0.99,"The article is about Autor leading a department, not about his own individual research lab.",facility,"The article is about Autor leading a department, not establishing or operating an individual research lab.",FALSE,FALSE,
https://news.mit.edu/2026/listening-for-echoes-of-black-holes-erin-kara-0626,Listening for the echoes of black holes,not_relevant,,not_relevant,0.93,"The article profiles an existing MIT associate professor and her ongoing research group, without describing the creation of a new lab space or a new lab/PI start.",not_relevant,0.98,"The article profiles an established associate professor and her existing research group, not a new lab, facility, or prospective lab leader.",not_relevant,0.98,"The article profiles an established associate professor and her already operating research group, not a newly signaled lab or facility.",not_relevant,"The article profiles an established associate professor and her ongoing research, not a newly hired PI, fellow, startup, or new facility.",FALSE,FALSE,
https://news.mit.edu/2026/summer-reading-from-mit-0625,Summer 2026 recommended reading from MIT,not_relevant,,not_relevant,0.95,The article is a curated reading list of books by MIT-affiliated authors and does not describe any new research lab space or any named new lab being started.,not_relevant,0.99,"The article is a roundup of books by MIT faculty and staff and does not describe a new lab, facility, or prospective lab leader.",not_relevant,0.99,"The article is a list of books by MIT faculty and staff and does not describe a new lab, facility, appointment, fellowship, or startup.",not_relevant,"The article is a roundup of books by MIT faculty and staff and does not describe a new lab, facility, or prospective lab leader.",FALSE,FALSE,
https://news.mit.edu/2026/mit-media-future-tech-massachusetts-can-absolutely-lead,"MIT in the media: For the future of tech, ""Massachusetts can absolutely lead""",not_relevant,,not_relevant,0.78,"The article is a media/profile roundup about MIT’s leaders, initiatives, and examples of existing labs/startups, without indicating new US research lab creation or a named individual’s new lab being formed.",not_relevant,0.99,"The article covers a technology leaders list and MIT’s existing ecosystem, without announcing a new lab, facility, qualifying appointment, or newly founded startup.",not_relevant,0.98,"The article is about technology leaders and Massachusetts’s innovation ecosystem, and only mentions an existing lab rather than announcing a new lab, facility, or qualifying prospective lab leader.",not_relevant,"The article is a roundup of technology leaders and regional innovation, not an announcement of a new individual lab, lab space, department, fellow, or startup.",FALSE,FALSE,
https://news.mit.edu/2026/long-history-of-vaccine-hesitancy-thomas-levenson-book-0612,The long history of vaccine hesitancy,not_relevant,,not_relevant,0.95,"The article is a discussion/interview about the history of vaccine hesitancy and a new book, with no indication of a new US research lab being formed or led by a named individual.",not_relevant,0.99,"The article focuses on a professor’s book about vaccine history and does not describe a new lab, facility, or qualifying appointment or venture.",not_relevant,0.99,"The article is an interview about a professor’s book and does not describe a new lab, facility, department, or prospective lab leader.",not_relevant,"The article is an interview about a professor’s book on vaccine hesitancy and does not describe a new lab, lab leader, or startup.",FALSE,FALSE,
https://news.mit.edu/2026/pablo-jarillo-herrero-wins-kavli-prize-nanoscience-0610,Pablo Jarillo-Herrero wins Kavli Prize in Nanoscience,not_relevant,,not_relevant,0.86,The article is about an award recognizing established research achievements and does not describe a new lab being started or a new facility being formed.,not_relevant,0.91,"The article recognizes an established professor’s research and prize, not a new lab, facility, or prospective lab leader.",not_relevant,0.88,The article reports a research prize awarded to an established professor and does not signal a new lab or lab space.,not_relevant,"The article reports recognition for established research and does not describe a new lab, facility, or prospective lab leader.",FALSE,FALSE,
https://news.mit.edu/2026/chris-zegras-appointed-director-ceo-smart-0609,Chris Zegras appointed director and CEO of the Singapore-MIT Alliance for Research and Technology,not_relevant,,not_relevant,0.83,"The article announces an existing professor’s appointment to lead the SMART research alliance, not the opening of a new US research lab or facility or an individual’s new lab starting up.",not_relevant,0.97,"The article describes an appointment to lead an existing research center, not a new individual lab, facility, or department.",not_relevant,0.96,"The article covers an appointment to lead an existing research center, not a new individual lab, facility, or department.",not_relevant,"The article concerns leadership of an existing research center outside the United States, not a new U.S. lab or facility.",FALSE,FALSE,
https://news.mit.edu/2026/biologists-identify-cellular-pathway-allows-colorectal-cancer-metastasize-0924,Biologists identify a cellular pathway that allows colorectal cancer to metastasize,not_relevant,,not_relevant,0.9,"The article describes research findings about metastasis and drug targets, with no new lab or facility formation or named future lab leader/startup.",not_relevant,0.98,"The article reports research findings, and the postdocs are mentioned only as paper authors rather than as the subject of a prospective lab announcement.",not_relevant,0.99,"The article reports research findings, and the postdocs are mentioned only as paper authors, not as prospective lab starters.",not_relevant,"The article reports research findings and does not describe a new lab, facility, department, qualifying appointment, fellowship, or startup.",FALSE,FALSE,
https://news.mit.edu/2026/finding-purpose-through-research-0921,Finding purpose through research,not_relevant,,not_relevant,0.86,"The article describes an undergraduate summer research experience in an existing MIT lab and does not indicate a new lab, facility, or future lab being established.",not_relevant,0.98,"The article profiles an undergraduate summer research participant, not a new lab, lab leader, fellow, or startup.",not_relevant,0.98,"The article profiles an undergraduate summer research experience in an existing lab, not a new lab, facility, or qualifying prospective lab leader.",not_relevant,"The article profiles an undergraduate summer research experience and does not describe a newly hired PI, fellow, startup, or new research facility.",FALSE,FALSE,
https://news.mit.edu/2026/unmasking-zombie-cells-aging-tissue-ai-powered-barcode-0921,Unmasking “zombie cells” in aging tissue with an AI-powered barcode,not_relevant,,not_relevant,0.96,"The article describes an MIT research study and future diagnostic work, without indicating a new individual research lab or new lab facility being formed.",not_relevant,0.98,"The article reports research findings, and the researchers’ titles are incidental rather than announcing a new lab, facility, or startup.",not_relevant,0.99,"The article reports research findings and does not announce a new lab, facility, or startup.",not_relevant,"The article is about a research finding, and the postdoctoral researchers are mentioned only as paper authors, not as a signal of a new lab.",FALSE,FALSE,
https://news.mit.edu/2026/brains-striatum-atlas-could-guide-researchers-new-drug-treatments-0901,Atlas of the brain’s striatum could guide researchers to new drug treatments,not_relevant,,not_relevant,0.9,The article describes published research findings and potential drug implications rather than establishing or planning a new US lab or lab facility.,not_relevant,0.98,"The article focuses on research findings and does not describe a new individual lab, facility, or startup.",not_relevant,0.99,"The article reports research findings, and the postdoc is mentioned only as a paper’s lead author, not as a prospective lab leader or fellow.",not_relevant,"The article reports research findings and does not describe a prospective lab, new lab space, or a newly formed department.",FALSE,FALSE,
https://news.mit.edu/2026/study-peptides-can-form-well-defined-structures-harsh-venus-conditions-0831,"Study: Peptides can form well-defined structures in harsh, Venus-like conditions",not_relevant,,not_relevant,0.86,"The article describes a scientific study about peptide stability and structure in Venus-like conditions, with no new lab space or clearly named future lab being established.",not_relevant,0.99,"The article is about research findings, and its mentions of existing labs and a faculty move are incidental rather than announcements of a new lab or facility.",not_relevant,0.98,"The article is about research findings, and Seager’s faculty move is incidental rather than an announcement of a new individual lab or facility.",not_relevant,"The article reports research findings and does not announce a new lab, qualifying appointment, startup, or facility.",FALSE,FALSE,
https://news.mit.edu/2026/looking-beyond-natural-sequences-0827,Looking beyond natural sequences,not_relevant,,not_relevant,0.93,"The article describes a newly developed computational protein-design method and research results, without any indication of a new lab being established or led.",not_relevant,0.99,"The article reports a research finding and introduces a computational framework, not a new lab, facility, or qualifying prospective lab leader.",not_relevant,0.99,"The article reports a protein-design research method, not a new lab, facility, or prospective lab leader.",not_relevant,"The article reports a protein-design research finding and does not describe a new lab, facility, qualifying appointment, fellowship, or startup.",FALSE,FALSE,
https://news.mit.edu/2026/cells-use-little-known-molecule-protect-themselves-iron-overload-0825,Cells use a little-known molecule to protect themselves from iron overload,not_relevant,,not_relevant,0.97,"The article describes completed biomedical research by existing labs (Jain Lab) and tools, without announcing a new lab, startup, or newly formed facility.",not_relevant,0.99,"The article reports research findings and mentions an existing lab, with no new lab, facility, appointment, fellowship, or startup described.",not_relevant,0.99,"The article reports research findings and only incidentally mentions an already-existing lab, not a new lab, facility, or prospective lab leader.",not_relevant,The article reports biological research findings and only incidentally mentions established faculty and the Jain Lab.,FALSE,FALSE,
https://news.mit.edu/2026/how-toxoplasma-parasite-adapts-to-crowded-host-cell-conditions-0819,How the Toxoplasma parasite adapts to crowded conditions in host cells,not_relevant,,not_relevant,0.93,The article describes results of a study in an existing MIT lab without any new lab formation or a named person being positioned to start their own lab.,not_relevant,0.99,"The article reports research findings from an established lab and does not announce a new lab, facility, or startup.",not_relevant,0.99,"The article reports parasite research findings and mentions an existing lab, with no new lab, facility, or qualifying appointment or startup.",not_relevant,"The article reports research findings and does not announce a new individual lab, lab space, or department.",FALSE,FALSE,
https://news.mit.edu/2026/flipping-script-on-biology-education-0819,"Flipping the script on biology education, and scaling it up",not_relevant,,not_relevant,0.9,"The article describes scaling an existing MIT education curriculum and teaching sets, not establishing a new US research lab or facility or a prospective lab leader.",not_relevant,0.98,"The article focuses on scaling a biology education curriculum, not on establishing a research lab, facility, or startup.",not_relevant,0.98,"The article focuses on an established biology education curriculum and its expansion, not a new research lab, lab space, or department.",not_relevant,"The article is about scaling a biology education curriculum, not a new research lab, lab facility, qualifying appointment, or startup.",FALSE,FALSE,
https://news.mit.edu/2026/mathematical-framework-connects-biological-principles-manufacturable-adaptive-material-0817,"Mathematical framework connects biological principles to manufacturable, adaptive materials",not_relevant,,not_relevant,0.9,"The article describes a new mathematical/material-design framework and lab research results at MIT, with no indication of a new research lab space, department, or named individuals starting/leading their own new lab.",not_relevant,0.99,"The article reports research findings from an established laboratory and does not announce a new lab, facility, or prospective lab leader.",not_relevant,0.99,"The article reports a research framework and mentions an established laboratory and fellowship only incidentally, with no new lab, facility, or prospective lab leader.",not_relevant,"The article reports a research framework and findings, not a new lab, facility, or qualifying appointment or startup.",FALSE,FALSE,
https://news.mit.edu/2026/cells-pulse-together-malignant-cells-pulse-longest-0814,Cells pulse together as they grow — and malignant cells pulse the longest,not_relevant,,not_relevant,0.95,"The article describes MIT-led research findings about synchronized cell pulsing and drug/clinical signals, with no indication of a new lab opening or a named individual starting a lab.",not_relevant,0.99,"The article reports a research finding and does not describe a new individual lab, research facility, department, or startup.",not_relevant,0.99,"The article reports research findings and does not describe a new lab, facility, qualifying appointment, fellowship, or startup.",not_relevant,"The article reports research findings from an existing research group and does not announce a new lab, facility, or qualifying appointment or startup.",FALSE,FALSE,
https://news.mit.edu/2026/scientists-unveil-600-new-tissue-models-human-cancer-0805,Scientists unveil more than 600 new tissue models of human cancer,not_relevant,,not_relevant,0.93,"The article describes development and availability of patient-derived cancer tissue models, not the opening of a new lab space or a named individual’s new lab.",not_relevant,0.99,"The article reports cancer-model research from a long-running initiative, not a new lab, facility, or qualifying person or company.",not_relevant,0.99,"The article reports research results and a resource of cancer models, not a new lab, facility, or prospective lab leader.",not_relevant,"The article reports a research resource and findings, not a new lab, facility, prospective PI, or startup.",FALSE,FALSE,
https://news.mit.edu/2026/ketogenic-diets-may-increase-cancer-risk-small-intestine-0715,Ketogenic diets may increase cancer risk in the small intestine,not_relevant,,not_relevant,0.88,"The article describes results from an MIT-led cancer study and names authors/directors, but it does not describe any new lab space, facility, or a person starting a new lab.",not_relevant,0.98,"The article reports research findings, and its mentions of postdocs and faculty are incidental rather than describing a new lab, appointment, or startup.",not_relevant,0.99,"The article reports cancer research findings and only mentions postdocs and fellowships incidentally, without describing a new lab, facility, or startup.",not_relevant,"The article reports research findings and does not announce a new lab, facility, or qualifying prospective lab leader.",FALSE,FALSE,
https://news.mit.edu/2026/why-are-some-bacterial-genes-high-purines-0702,Why are some bacterial genes high in purines?,not_relevant,,not_relevant,0.97,"The article describes scientific findings about bacterial gene expression and protein termination, with no indication of a new lab space or a named person starting/leading a new individual lab.",not_relevant,0.99,"The article reports research findings and mentions an existing lab only incidentally; it does not announce a new lab, facility, or startup.",not_relevant,0.99,"The article reports research findings and does not describe a new individual lab, lab space, or department formation.",not_relevant,"The article reports research findings and does not announce a new lab, lab space, or newly founded company.",FALSE,FALSE,
https://news.mit.edu/2026/qs-ranks-mit-worlds-no-1-university-0617,QS ranks MIT the world’s No. 1 university for 2026-27,not_relevant,,not_relevant,0.96,"The article reports QS university rankings and subject rankings, with no mention of a new lab, department, or individual’s prospective lab.",not_relevant,0.99,"The article reports university rankings and does not describe a new lab, facility, or prospective lab leader.",not_relevant,0.99,"The article reports university rankings and does not describe a new lab, facility, or prospective lab leader.",not_relevant,"The article reports university rankings and does not describe a new lab, facility, department, or prospective lab leader.",FALSE,FALSE,
https://news.mit.edu/2026/mit-affiliates-win-breakthrough-new-horizons-prizes-0608,"MIT affiliates win 2026 Breakthrough, New Horizons prizes",not_relevant,,not_relevant,0.93,"The article is about awards and recognition for existing researchers, not the creation of a new lab or future lab leaders.",not_relevant,0.94,"The article reports research prizes and existing affiliations, but does not describe a new lab, lab leader appointment, fellowship, or startup.",not_relevant,0.98,"The article reports research prizes for established scientists and does not describe a new individual lab, lab space, or department.",not_relevant,"The article reports research prizes and does not describe a prospective lab, new lab space, or a newly formed department.",FALSE,FALSE,
https://news.mit.edu/2026/ultrasound-based-pacemaker-noninvasively-steadies-heart-0602,Ultrasound-based pacemaker noninvasively steadies the heart,not_relevant,,not_relevant,0.93,The article describes development and experiments of a new ultrasound pacemaker device rather than the opening of a new US lab space or naming a person as a prospective lab founder.,not_relevant,0.99,"The article reports a research finding and does not describe a new lab, facility, qualifying appointment, fellowship, or startup.",not_relevant,0.99,"The article reports a research development and does not describe a new individual lab, lab facility, or startup.",not_relevant,"The article reports a research finding and device development, not a new lab, facility, prospective lab leader, or startup.",FALSE,FALSE,
https://news.mit.edu/2026/enzymes-assemble-into-droplets-can-speed-cellular-reactions-0601,Enzymes that assemble into droplets can speed up cellular reactions,not_relevant,,not_relevant,0.95,"The article describes experimental research findings about kinase phase separation in cells, with no new lab space, department restructuring, or named individual starting a new operating lab.",not_relevant,0.98,"The article reports research findings and mentions an existing assistant professor, but does not describe a new lab, appointment, facility, or startup.",not_relevant,0.99,"The article reports research findings and does not describe a new lab, facility, startup, or newly appointed researcher.",not_relevant,"The article reports research findings and does not describe a new lab, facility, qualifying appointment, fellowship, or startup.",FALSE,FALSE,
https://news.mit.edu/2026/mit-affiliates-elected-national-academy-sciences-0521,MIT affiliates elected to National Academy of Sciences for 2026,not_relevant,,not_relevant,0.86,The article reports NAS membership elections for existing MIT-affiliated scientists and does not describe any new or forming research lab or lab leader starting one.,not_relevant,0.99,"The article reports academy elections and honors, not the launch of a lab, research facility, or startup.",not_relevant,0.99,"The article reports NAS elections and career honors, not the launch of a new lab, facility, department, or startup.",not_relevant,"The article reports academy elections and honors, not a new lab, lab space, or prospective lab leader.",FALSE,FALSE,
https://news.mit.edu/2026/four-from-mit-named-searle-scholars-0520,Four from MIT named 2026 Searle Scholars,prospective,Dorkenwald is establishing a new lab,prospective,0.9,"The article highlights early-career researchers receiving Searle Scholar awards and explicitly one states they are establishing a new lab, indicating prospective lab formation.",prospective,0.99,"The article names Searle Scholars, including a newly hired assistant professor who says he is establishing his lab.",prospective,1,The article names a newly hired assistant professor establishing his own lab and reports his selection as a Searle Scholar.,prospective,"The article centers on newly named Searle Scholars, and Dorkenwald explicitly says he is establishing his new lab.",FALSE,FALSE,
https://news.mit.edu/2026/braintrust-members-support-neighbors-with-brain-injuries-0506,MIT BrainTrust supports neighbors living with brain injuries,not_relevant,,not_relevant,0.9,"The article describes a student service/club supporting brain injury residents, with no indication of a new research lab or lab space being formed.",not_relevant,0.99,"The article is about a student service club and its community programs, not a new research lab, facility, or qualifying research leader.",not_relevant,0.99,"The article describes a student service organization and its community programs, not a new research lab, facility, or qualifying prospective lab leader.",not_relevant,"The article describes a student-run community service organization and its volunteer programs, not a new research lab, lab facility, or prospective lab leader.",FALSE,FALSE,
https://news.mit.edu/2026/rett-syndrome-study-highlights-potential-personalized-treatments-0504,Rett syndrome study highlights potential for personalized treatments,not_relevant,,not_relevant,0.96,"The article describes ongoing Rett syndrome research using organoids and treatment tests, without indicating a new US research lab, facility, or new lab leader forming their own lab.",not_relevant,0.99,"The article reports research findings and does not describe a new lab, facility, qualifying appointment, fellowship, or startup.",not_relevant,0.99,"The article reports research findings and does not describe a new lab, facility, or prospective lab leader.",not_relevant,"The article reports research findings and does not announce a new lab, facility, qualifying appointment, fellowship, or startup.",FALSE,FALSE,
https://news.mit.edu/2026/how-chromatin-movement-helps-control-gene-expression-0504,How chromatin movement helps control gene expression,not_relevant,,not_relevant,0.9,The article describes research findings and methods at MIT without indicating the creation of a new lab space or any named individuals starting/leading their own new research lab.,not_relevant,0.98,"The article is about research findings, and the postdoc is mentioned only as a paper author, not as the subject of a prospective lab announcement.",not_relevant,0.99,"The article is about research findings on chromatin movement; the postdoc is mentioned only as a paper author, not as the subject of a prospective lab announcement.",not_relevant,"The article reports research findings and does not describe a new lab, facility, department, prospective PI, fellow, or startup.",FALSE,FALSE,
https://news.mit.edu/2026/study-gene-circuits-reshape-dna-folding-and-affect-gene-expression-0430,Study: Gene circuits reshape DNA folding and affect how genes are expressed,not_relevant,,not_relevant,0.93,"The article describes research findings about gene circuits and DNA folding at MIT without announcing a new lab space, department, or a person starting/establishing a new research lab.",not_relevant,0.96,"The article focuses on research findings; the assistant professor and postdoc are mentioned as study authors, not as newly appointed or featured prospective lab leaders.",not_relevant,0.97,"The article is about research findings, and its mentions of an assistant professor’s existing lab and a postdoc coauthor do not signal a new lab.",not_relevant,"The article is about research findings, and its mentions of labs, an assistant professor, and a postdoc are incidental rather than announcements of a new lab or facility.",FALSE,FALSE,
https://news.mit.edu/2026/mapping-molecular-markers-of-physical-fitness-0428,Mapping molecular markers of physical fitness,not_relevant,,not_relevant,0.9,"The article describes collaborative research findings and modeling, with no indication of a new lab space/building or named individuals starting their own operating labs.",not_relevant,0.98,"The article reports research findings and does not describe a new lab, facility, prospective lab leader, or startup.",not_relevant,0.99,"The article reports research findings and does not describe a new lab, facility, appointment, fellowship, or startup.",not_relevant,"The article reports research findings and does not describe a new individual lab, lab space, department, fellowship, or startup.",FALSE,FALSE,
https://news.mit.edu/2026/paul-daisy-soros-fellows-0428,Six from MIT awarded 2026 Paul and Daisy Soros Fellowships for New Americans,not_relevant,,prospective,0.86,"The article centers on multiple individuals being named Soros Fellows (and one beginning a PhD), indicating recognition of emerging researchers rather than new lab facilities.",prospective,0.99,"The article’s main subject is six fellowship recipients, and the stated criteria classify award recipients as prospective.",prospective,0.99,"The article is about people named as fellowship recipients, which qualifies as prospective under the stated criteria.",prospective,"The article’s main subject is six people named as fellows, which qualifies as prospective under the stated criteria.",FALSE,FALSE,
https://news.mit.edu/2026/self-organizing-pencil-beam-laser-could-help-scientists-design-brain-targeted-therapies-0427,Self-organizing “pencil beam” laser could help scientists design brain-targeted therapies,not_relevant,,not_relevant,0.93,"The article describes a new laser imaging technique and its research results at MIT, with no indication of a newly forming lab or future lab launch.",not_relevant,0.99,"The article reports a research finding and does not describe a new lab, facility, appointment, fellowship, or startup.",not_relevant,0.98,"The article reports a research finding and does not describe a new individual lab, facility, department, or startup.",not_relevant,"The article focuses on a research finding and imaging technique, not a new lab, facility, or qualifying appointment or award.",FALSE,FALSE,
https://news.mit.edu/2026/mit-affiliates-elected-american-academy-arts-and-sciences-0422,MIT affiliates elected to the American Academy of Arts and Sciences for 2026,not_relevant,,not_relevant,0.9,"The article is about MIT affiliates being elected to an honorary academy and does not describe a new lab, facility, or any individuals starting their own research lab.",not_relevant,0.99,"The article reports honorary society elections and does not describe a new lab, facility, department, or prospective lab leader.",not_relevant,0.99,"The article reports honorary academy elections and does not describe a new lab, facility, department, or startup.",not_relevant,"The article reports honorary academy elections and does not announce a new lab, facility, or qualifying appointment or fellowship.",FALSE,FALSE,
https://news.mit.edu/2026/mit-alumnae-named-gates-cambridge-scholars-0421,Two MIT alumnae named 2026 Gates Cambridge Scholars,not_relevant,,prospective,0.78,"The article names two scholars selected for postgraduate study and describes their ongoing research paths, indicating a prospective trajectory rather than a new lab facility.",prospective,0.99,"The article names two recipients of a fellowship, which qualifies as prospective under the stated criteria.",prospective,0.91,"The article names two fellowship recipients, which the criteria classify as prospective even without mention of a future lab.",prospective,"The article’s subjects are fellowship recipients, which qualify as prospective under the stated criteria even though they will study in the U.K.",FALSE,FALSE,
https://news.mit.edu/2026/mit-study-reveals-new-role-cell-membranes-0416,MIT study reveals a new role for cell membranes,not_relevant,,not_relevant,0.93,"The article describes results from an MIT study using existing labs and methods, with no indication of a new lab being started or a new facility being formed.",not_relevant,0.99,"The article reports research findings and does not describe a new lab, facility, appointment, or startup.",not_relevant,0.99,"The article is about research findings on cell membranes and EGFR, not a new lab, facility, or prospective lab leader.",not_relevant,"The article reports research findings and does not announce a new lab, facility, department, hire, fellowship, or startup.",FALSE,FALSE,
https://news.mit.edu/2026/slice-and-dice-snipe-bacterial-defense-0409,Slice and dice,not_relevant,,not_relevant,0.92,"The article describes findings from MIT biology research and a postdoc’s work on a bacterial defense system, not the creation of a new lab space or a named person starting/leading a new lab.",not_relevant,0.91,"The article is about a bacterial defense-system discovery, and the postdoc is mentioned as a researcher rather than in a lab-starting or career announcement.",not_relevant,0.99,"The article reports a research discovery and only incidentally mentions postdoctoral researchers, without announcing a new lab, facility, or startup.",not_relevant,"The article reports a research finding and mentions a postdoc only in connection with the study, not as a prospective lab leader or founder.",FALSE,FALSE,
https://news.mit.edu/2026/2fa-system-controls-microrna-destruction-0407,Study reveals “two-factor authentication” system that controls microRNA destruction,not_relevant,,not_relevant,0.95,"The article describes results from an existing research study and does not indicate a new lab, facility, or newly starting individual lab.",not_relevant,0.99,"The article focuses on research findings and does not announce a new lab, facility, or startup.",not_relevant,0.99,"The article reports research findings from existing labs and does not describe a new lab, facility, department, hire, fellowship, or startup.",not_relevant,"The article reports research findings and follow-up work, not a new lab, facility, appointment, fellowship, or startup.",FALSE,FALSE,
https://news.mit.edu/2026/how-bacteria-suppress-immune-defenses-stubborn-wound-infections-0407,How bacteria suppress immune defenses in stubborn wound infections,not_relevant,,not_relevant,0.9,"The article describes research findings on immune suppression in wound infections and does not indicate a new lab, department, or facility being formed or a person being positioned to start a lab.",not_relevant,0.99,"The article reports research findings about wound infections and does not announce a new lab, facility, or qualifying appointment.",not_relevant,0.99,"The article reports research findings and does not describe a new lab, facility, or qualifying appointment or startup.",not_relevant,"The article reports research findings on wound infections and does not announce a new lab, facility, or qualifying appointment or startup.",FALSE,FALSE,
https://news.mit.edu/2026/qs-world-university-rankings-rates-mit-no-1-12-subjects-0325,QS World University Rankings rates MIT No. 1 in 12 subjects for 2026,not_relevant,,not_relevant,0.98,The article discusses university rankings and does not describe the creation of a new research lab or lab-led by a specific prospective leader.,not_relevant,0.99,"The article reports university rankings and does not announce a new lab, lab space, or prospective lab leader.",not_relevant,0.99,"The article reports university rankings and does not describe a new lab, facility, or prospective lab leader.",not_relevant,"The article reports university subject rankings and does not describe a new lab, lab space, department, or startup.",FALSE,FALSE,
https://news.mit.edu/2026/brain-circuit-incorporates-new-information-may-be-linked-schizophrenia-0318,Brain circuit needed to incorporate new information may be linked to schizophrenia,not_relevant,,not_relevant,0.93,"The article describes research findings in an existing study and researchers’ ongoing work, not the creation/opening of a new lab or facility.",not_relevant,0.99,"The article reports research findings and does not announce a new individual lab, research facility, department, or startup.",not_relevant,0.99,"The article reports research findings about schizophrenia and does not describe a new lab, facility, hire, fellowship, or startup.",not_relevant,"The article reports research findings about a gene mutation and brain circuitry, not a new lab, facility, or prospective lab leader.",FALSE,FALSE,
https://news.mit.edu/2026/ocean-bacteria-break-down-biodegradable-plastic-0316,Ocean bacteria team up to break down biodegradable plastic,not_relevant,,not_relevant,0.86,The article describes research findings about bacterial degradation of plastic and does not indicate a new US research lab being created or a named individual starting their own lab.,not_relevant,0.99,"The article reports research findings and mentions a PhD student, but does not announce a new lab, qualifying appointment, fellowship recipient, or startup.",not_relevant,0.99,"The article reports research findings and does not announce a new lab, lab leader, facility, or startup.",not_relevant,"The article reports research findings, and its incidental mention of a former postdoc and fellowship support does not signal a new lab.",FALSE,FALSE,
https://news.mit.edu/2026/new-sensor-sniffs-out-pneumonia-patients-breath-0316,New sensor sniffs out pneumonia on a patient’s breath,not_relevant,,not_relevant,0.9,"The article describes development of a diagnostic sensor and research results, with no indication of a new lab being formed or a person being poised to start a lab.",not_relevant,0.94,"The article reports a sensor research result and does not describe a new lab, facility, or startup.",not_relevant,0.99,"The article reports a sensor research result; the postdoc and assistant professor are mentioned as members of existing research groups, not as signals of a new lab.",not_relevant,"The article reports a research finding and does not announce a new lab, lab space, department, qualifying hire, fellow, or startup.",FALSE,FALSE,
https://news.mit.edu/2026/how-brain-keeps-its-options-straight-at-decision-time-0922,How the brain keeps its options straight at decision time,not_relevant,,not_relevant,0.93,"The article describes results from an ongoing MIT research study and does not indicate creation of a new lab, facility, or a named future lab leader.",not_relevant,0.99,"The article reports a research finding and does not announce a new lab, facility, or prospective lab leader.",not_relevant,0.99,"The article reports research findings and does not describe a new lab, facility, or prospective lab leader.",not_relevant,"The article reports research findings and does not describe a new individual lab, facility, department, or startup.",FALSE,FALSE,
https://news.mit.edu/2026/poitras-center-to-fuel-early-careers-50-young-scientists-psychiatric-disorders-research-0922,Poitras Center to fuel early careers of 50 young scientists dedicated to psychiatric disorders research,not_relevant,,prospective,0.83,"The article describes a new fellowship program selecting early-career scientists, indicating future independent researchers rather than new lab space or a facility creation.",prospective,0.99,The article centers on a fellowship program and names postdocs and graduate students selected as its inaugural cohort.,prospective,0.98,"The article announces a cohort of postdocs and graduate scholars selected for fellowships, which qualifies as prospective.",prospective,"The article centers on a fellowship program and names postdocs and graduate students selected as fellows or scholars, which meets the prospective category.",FALSE,FALSE,
https://news.mit.edu/2026/new-artist-residency-program-expands-views-cosmos-0916,New artist residency program at MIT expands views of the cosmos,not_relevant,,not_relevant,0.92,"The article describes an artist residency and public engagement program at MIT’s institute, not the opening of a new research lab or a new PI’s lab.",not_relevant,0.98,"The article describes an artist residency and public-engagement project, not a new research lab, lab space, or qualifying prospective lab leader.",not_relevant,0.98,"The article describes an artist residency and public-engagement project, not a new individual research lab, lab space, or department.",not_relevant,"The article describes an artist residency and public-engagement initiative, not a new research lab, lab space, or qualifying prospective lab leader.",FALSE,FALSE,
https://news.mit.edu/2026/nanoscale-mechanics-could-enable-brain-inspired-computing-0916,Nanoscale mechanics could enable brain-inspired computing,not_relevant,,not_relevant,0.88,"The article describes a newly developed nanoscale computing platform and existing MIT researchers, without naming a new lab or facility being formed or a person prospectively starting one.",not_relevant,0.98,"The article focuses on a research finding, and the postdoc is mentioned only as a coauthor rather than as its subject.",not_relevant,0.98,"The article reports a research finding, and the named postdoc is only a coauthor, not the subject of a prospective lab announcement.",not_relevant,"The article reports a research finding and does not describe a new individual lab, lab facility, or qualifying prospective lab leader.",FALSE,FALSE,
https://news.mit.edu/2026/electrochemical-approach-turns-ammonia-into-pure-hydrogen-0909,An electrochemical approach turns ammonia into pure hydrogen,not_relevant,,not_relevant,0.86,The article describes research findings from existing MIT researchers and does not indicate a new lab space or a named individual starting/operating a new lab.,not_relevant,0.99,"The article reports a research finding and does not announce a new US lab, lab leader, fellowship, startup, or research facility.",not_relevant,0.99,"The article reports a research finding and does not describe a new US lab, facility, or qualifying appointment or startup.",not_relevant,"The article reports a research finding and does not describe a new lab, facility, qualifying appointment, fellowship, or startup.",FALSE,FALSE,
https://news.mit.edu/2026/new-research-shows-neutrino-laser-impossible-0902,New research shows a neutrino laser is impossible,not_relevant,,not_relevant,0.93,"The article reports theoretical research showing the neutrino laser concept is impossible, with no indication of a new lab being created or led.",not_relevant,0.99,"The article reports research findings and does not describe a new lab, facility, startup, or prospective lab leader.",not_relevant,0.94,"The article is about a research finding; the postdocs are mentioned as members of the research team, not as the subject of a prospective lab announcement.",not_relevant,"The article reports research findings and mentions postdocs only as researchers on the work, not as fellows or prospective lab leaders.",FALSE,FALSE,
https://news.mit.edu/2026/cognition-consciousness-arise-from-analog-computations-says-new-theory-0901,"Cognition and consciousness arise from analog computations, says new theory",not_relevant,,not_relevant,0.93,"The article describes a new scientific theory and ongoing research results, not the creation of a new lab, facility, or a named individual poised to start a lab.",not_relevant,0.99,"The article reports a scientific theory and research findings, while mentioning only an existing lab and no new lab, facility, or qualifying appointment.",not_relevant,0.99,"The article reports a neuroscience theory and research findings, not a new lab, lab space, department, fellowship, or startup.",not_relevant,"The article is about a neuroscience theory and research findings, not a new lab, lab facility, qualifying appointment, or startup.",FALSE,FALSE,
https://news.mit.edu/2026/how-mit-grad-student-helped-young-scientists-test-their-experiment-cern-0828,How an MIT graduate student helped a team of young scientists test their experiment at CERN,not_relevant,,not_relevant,0.92,The article describes mentoring high school students for an educational test-beam experiment at CERN and does not indicate the creation of a new US research lab or facility.,not_relevant,0.98,"The article focuses on a graduate student mentoring high schoolers in a competition and does not describe a new lab, facility, or qualifying prospective lab leader.",not_relevant,0.99,"The article describes a graduate student mentoring a high school experiment, not a new lab, facility, or qualifying prospective lab leader.",not_relevant,"The article is about mentoring high school students in a CERN experiment, not a new lab, lab leader, fellowship, or startup.",FALSE,FALSE,
https://news.mit.edu/2026/ai-helps-design-new-materials-that-work-in-real-world-0826,AI helps design new materials that work in the real world,not_relevant,,not_relevant,0.92,"The article describes research results and a new computational framework at MIT, not the creation of a new lab space or a named individual’s future/starting lab.",not_relevant,0.99,"The article reports a materials-design research finding and does not announce a new lab, facility, or qualifying appointment.",not_relevant,0.99,"The article reports a materials-design research finding and does not describe a new lab, facility, qualifying appointment, or startup.",not_relevant,"The article reports a materials-design research finding and does not announce a new lab, facility, or prospective lab leader.",FALSE,FALSE,
https://news.mit.edu/2026/brain-keeps-tabs-what-just-happened-to-aid-judgment-whats-happening-now-0824,Brain circuit keeps tabs on what just happened to aid judgment of what’s happening now,not_relevant,,not_relevant,0.97,"The article describes neuroscientific research findings about a brain circuit and does not indicate the creation of a new lab, facility, or lab-leading appointment.",not_relevant,0.99,"The article reports neuroscience research findings and does not describe a new individual lab, facility, department, or startup.",not_relevant,0.96,"The article reports neuroscience findings; the lead author’s postdoctoral position is incidental, not the subject of the article.",not_relevant,"The article reports neuroscience research findings and does not announce a new lab, facility, department, fellow, or startup.",FALSE,FALSE,
https://news.mit.edu/2026/meteorite-dust-holds-records-magnetism-may-have-helped-form-sun-0824,Meteorite dust holds records of magnetism that may have helped form the sun,not_relevant,,not_relevant,0.93,The article describes scientific findings about magnetism in meteorite samples and does not report starting/leading a new US research lab or creating new lab space or a department.,not_relevant,0.99,"The article reports a research finding, and the mention of an assistant professor is incidental rather than an announcement of a new lab.",not_relevant,0.97,"The article is about a research finding, and Borlina’s assistant professor position is only mentioned incidentally.",not_relevant,"The article reports a research finding and does not describe a new lab, facility, appointment, fellowship, or startup.",FALSE,FALSE,
https://news.mit.edu/2026/language-skills-stay-strong-older-adults-even-while-other-cognitive-abilities-decline-0824,"Language skills stay strong in older adults, even while other cognitive abilities decline",not_relevant,,not_relevant,0.97,"The article describes results from a new study on aging and language networks, with named researchers but no indication of a new lab or lab space being established.",not_relevant,0.98,"The article reports research findings, and the postdoctoral role is only incidental biographical context rather than the subject of a new lab announcement.",not_relevant,0.99,"The article reports research findings, and the postdoctoral role is only an incidental biographical detail.",not_relevant,"The article reports research findings and does not announce a new lab, facility, or prospective lab leader.",FALSE,FALSE,
https://news.mit.edu/2026/paving-way-for-greener-ammonia-production-0820,Paving the way for greener ammonia production,not_relevant,,not_relevant,0.9,"The article describes theoretical research findings and future experimental work at MIT, without naming a new lab being formed or a specific person starting an individual new lab.",not_relevant,0.99,"The article reports computational research findings and a future experimental step, not a new individual lab, facility, or startup.",not_relevant,0.99,"The article reports computational research findings and does not describe a new individual lab, facility, or startup.",not_relevant,"The article reports computational research findings and does not describe a new lab, facility, qualifying appointment, fellowship, or startup.",FALSE,FALSE,
https://news.mit.edu/2026/flexible-brain-circuits-can-switch-between-different-tasks-0817,Flexible brain circuits can switch between different tasks,not_relevant,,not_relevant,0.97,"The article describes research findings and plans for further study, with no indication of a new US lab being established or led by a named individual.",not_relevant,0.97,"The article reports neuroscience research findings; the postdocs are mentioned as study authors, not as newly appointed fellows or lab leaders.",not_relevant,0.99,"The article reports neuroscience research findings; the postdocs are mentioned as study authors, not as recipients of new appointments or awards.",not_relevant,"The article reports research findings and mentions postdocs only as study authors, not as prospective lab leaders or founders.",FALSE,FALSE,
https://news.mit.edu/2026/high-speed-microscopy-reveals-electrical-activity-across-brain-0814,High-speed microscopy reveals electrical activity across the brain,not_relevant,,not_relevant,0.93,"The article describes development of a new imaging microscope and neuroscience results, without indicating a new individual lab or new lab facility/department being formed.",not_relevant,0.96,"The article reports a research finding, and the former postdoctoral fellow is identified only as a study author, not as the subject of a new lab or group.",not_relevant,0.99,"The article reports a research advance and does not describe a new lab, facility, or qualifying prospective lab leader.",not_relevant,"The article reports a research advance and does not describe a new lab, lab space, facility, or prospective lab leader.",FALSE,FALSE,
https://news.mit.edu/2026/mit-to-lead-nsf-materials-research-center-0812,MIT selected to lead new NSF materials research center,facility,,facility,0.92,"The article centers on NSF selecting MIT to establish a new MRSEC center and shared lab capacity, rather than an individual starting a new personal lab.",facility,0.97,"The article is about establishing a new research center and shared laboratory, not a named individual’s own lab.",facility,0.99,"The article is about a newly established research center and shared laboratory, not an individual researcher’s own lab.",facility,"The article is about establishing a new interdisciplinary research center and shared lab facility, not an individual researcher’s own lab.",FALSE,FALSE,
https://news.mit.edu/2026/astronomers-discover-brand-new-type-astrophysical-object-black-hole-star-0812,Astronomers discover a brand-new type of astrophysical object: A black hole star,not_relevant,,not_relevant,0.86,"The article describes an astronomical discovery and simulations, not the creation of a new research lab or facility in the US.",not_relevant,0.98,"The article is about an astrophysical discovery, and Naidu’s fellowships are only incidental biographical mentions, not the subject.",not_relevant,0.98,"The article is about an astrophysical discovery, and Naidu’s fellowship is only incidental biographical context, not the subject of a prospective lab or new facility.",not_relevant,"The article reports an astrophysical discovery and does not describe a new lab, facility, or qualifying appointment or startup.",FALSE,FALSE,
https://news.mit.edu/2026/hunt-dark-matter-jessica-fry-0811,On the hunt for dark matter,not_relevant,,prospective,0.62,The article centers on Jessica Fry as an early-career researcher and explicitly points to a future in which she will start her own lab group.,prospective,0.98,The article identifies PhD candidate Jessica Fry as potentially starting her own lab group in the future.,prospective,0.97,The article names Fry and explicitly considers her possibly starting her own lab group.,prospective,"The article profiles a PhD candidate and explicitly discusses her possible future lab group, making her a prospective lab leader.",FALSE,FALSE,
https://news.mit.edu/2026/physicists-watch-materials-electrons-assemble-reassemble-coexisting-phases-0807,"Physicists watch a material’s electrons assemble, and reassemble, into coexisting phases",not_relevant,,not_relevant,0.92,"The article describes experimental research findings on electron phases in a material and does not announce a new lab, facility, or a named person’s new lab being established or planned.",not_relevant,0.98,"The article is about research findings, and the assistant professor is mentioned only as a study co-author, not as the subject of a new lab.",not_relevant,0.99,"The article is about research findings, and the mention of an assistant professor is incidental rather than the subject.",not_relevant,"The article reports research findings and mentions researchers’ positions only incidentally, with no new lab, facility, or prospective lab leader as its subject.",FALSE,FALSE,
https://news.mit.edu/2026/researchers-make-air-stable-ultrathin-superconductors-more-scalable-quantum-devices-0805,"Researchers make air-stable, ultrathin superconductors, for more scalable quantum devices",not_relevant,,not_relevant,0.93,"The article describes a scientific method and device integration using existing labs/facilities, with no indication of a new lab, startup, or newly formed department/person-specific lab being created.",not_relevant,0.99,"The article reports a materials research finding and only mentions a recent postdoc incidentally; it does not announce a new lab, facility, or startup.",not_relevant,0.99,"The article reports a materials-science research finding and does not announce a new lab, facility, or qualifying appointment.",not_relevant,"The article reports a materials-science research finding and does not announce a new lab, facility, prospective PI, fellow, or startup.",FALSE,FALSE,
https://news.mit.edu/2026/turning-molecules-into-reliable-electronic-devices-0803,Turning molecules into reliable electronic devices,not_relevant,,not_relevant,0.93,The article describes an existing MIT research advance in device fabrication without naming any new lab being formed or any individual being set up to start a lab.,not_relevant,0.99,"The article reports a research finding and does not announce a new lab, facility, startup, or prospective lab leader.",not_relevant,0.99,"The article reports a research finding and does not announce a new lab, facility, or startup.",not_relevant,"The article reports a research finding and does not describe a prospective lab, new facility, or department formation.",FALSE,FALSE,
https://news.mit.edu/2026/why-some-nitrogen-processing-enzymes-are-more-efficient-0730,Why some nitrogen-processing enzymes are more efficient than others,not_relevant,,not_relevant,0.86,"The article describes ongoing research findings and modeling in Suess’s lab rather than establishing a new lab, facility, or naming a future lab leader.",not_relevant,0.99,"The article reports research findings about nitrogen-processing enzymes and does not announce a new lab, facility, or qualifying appointment.",not_relevant,0.99,"The article reports research findings and only mentions an existing lab, not a new lab, facility, or prospective lab leader.",not_relevant,"The article reports research findings about nitrogen-processing enzymes and does not announce a new lab, facility, or qualifying appointment.",FALSE,FALSE,
https://news.mit.edu/2026/researchers-break-diffraction-barrier-super-resolution-microscopy-0729,MIT and Broad Institute researchers break diffraction barrier in super-resolution microscopy,not_relevant,,not_relevant,0.93,The article describes scientific research achievements in an existing lab rather than establishing a new lab space/facility or naming a person as a prospective new lab founder.,not_relevant,0.98,"The article reports a research finding from an existing lab and does not announce a new lab, appointment, or facility.",not_relevant,0.98,"The article reports a research finding from Peng’s existing lab and does not describe a new appointment, lab, facility, or company.",not_relevant,"The article focuses on research findings and imaging technology, not a new lab, facility, or qualifying prospective lab leader.",FALSE,FALSE,
https://news.mit.edu/2026/mit-alumni-awarded-fields-medal-0728,Yu Deng ’11 and Hong Wang PhD ’19 awarded Fields Medal,not_relevant,,not_relevant,0.96,"The article is about existing mathematicians receiving Fields Medals, with no indication they are starting or leading new research labs or facilities.",not_relevant,0.99,"The article is about mathematicians receiving awards and does not describe a new lab, facility, or prospective lab founder.",not_relevant,0.99,"The article reports a major research honor and does not describe a new lab, lab space, appointment, or startup.",not_relevant,"The article celebrates mathematicians’ awards and does not describe a new lab, lab space, or startup.",FALSE,FALSE,
https://news.mit.edu/2026/missing-matter-diffuse-puffs-surround-most-galaxies-0721,Diffuse puffs of “missing” matter surround most galaxies,not_relevant,,not_relevant,0.94,"The article describes new scientific research methods and findings about missing cosmic matter, with no indication of a new lab opening or a person starting an individual lab.",not_relevant,0.99,"The article reports an astronomy research finding and does not describe a new lab, facility, prospective lab leader, or startup.",not_relevant,0.99,"The article reports an astrophysics research finding and does not announce a new lab, facility, department, or prospective lab leader.",not_relevant,"The article reports an astrophysics research finding and does not announce a new lab, facility, department, or qualifying appointment.",FALSE,FALSE,
https://news.mit.edu/2026/mit-honors-employees-excellence-awards-collier-medal-staff-award-distinction-service-0721,"MIT honors employees with 2026 Excellence Awards, Collier Medal, and Staff Award for Distinction in Service",not_relevant,,not_relevant,0.92,"The article is about MIT staff and faculty receiving service and excellence awards, with no indication of a new research lab being started or a new lab facility being formed.",not_relevant,0.99,"The article reports staff and community awards, not a new lab, research facility, department, or prospective lab leader.",not_relevant,0.99,"The article reports staff and community awards, not a new lab, lab space, or qualifying research appointment.",not_relevant,"The article reports staff and community honors and does not describe a new lab, lab space, or prospective lab leader.",FALSE,FALSE,
https://news.mit.edu/2026/electric-fields-help-guide-neural-activity-0715,"Electric fields help guide neural activity, even from moment to moment",not_relevant,,not_relevant,0.98,"The article describes results from a neuroscience study and discusses electric-field mechanisms and funding, with no mention of a new lab being formed or an individual being named as starting/leading a lab.",not_relevant,0.99,"The article reports research findings and does not announce a new lab, facility, appointment, fellowship, or startup.",not_relevant,0.99,"The article reports research findings and does not describe a new lab, facility, appointment, fellowship, or startup.",not_relevant,"The article reports research findings and does not describe a new lab, facility, department, appointment, fellowship, or startup.",FALSE,FALSE,
https://news.mit.edu/2026/discovery-could-lead-brighter-more-energy-efficient-digital-displays-0710,"Discovery could lead to brighter, more energy-efficient digital displays",not_relevant,,not_relevant,0.86,"The article describes research findings on improving quantum dot LED devices for displays, without proposing a new lab space/department or a named individual’s own new lab starting.",not_relevant,0.99,"The article focuses on research findings, while the startup is mentioned only as historical background.",not_relevant,0.99,"The article focuses on research findings, while QD Vision is mentioned only as a historical startup and no new lab or facility is described.",not_relevant,"The article reports research findings and mentions existing labs and facilities only incidentally, without announcing a new lab, facility, or prospective lab leader.",FALSE,FALSE,
https://news.mit.edu/2026/new-cell-collection-device-could-improve-early-cancer-detection-0924,New cell-collection device could improve early cancer detection,not_relevant,,not_relevant,0.93,"The article describes development of a medical research device and related study work, with no indication of a new research lab being started or a new lab facility/department being formed.",not_relevant,0.99,"The article reports a research finding and does not announce a new lab, facility, or prospective lab leader.",not_relevant,0.96,"The article is about a research result, not a new lab, facility, appointment, fellowship, or startup.",not_relevant,"The article reports a research device developed by an existing research group and does not announce a new lab, lab leader, fellow, startup, or facility.",FALSE,FALSE,
https://news.mit.edu/2026/studying-cities-using-visual-ai-fabio-duarte-martina-mazzarello-carlo-ratti-fan-zhang-book-0924,The promise and peril of using visual AI to study cities,not_relevant,,not_relevant,0.86,"The article discusses existing MIT research work and a newly published book about visual AI in cities, without describing any newly starting individual lab or new lab facility being formed.",not_relevant,0.99,"The article is about a book and visual AI research from an established lab, not a new lab, facility, or startup.",not_relevant,0.99,"The article discusses a book and research from an established lab, not a new lab, facility, or prospective lab leader.",not_relevant,"The article focuses on a book and research applications of visual AI, not a new lab, facility, or prospective lab leader.",FALSE,FALSE,
https://news.mit.edu/2026/mit-welcomes-david-siegel-innovation-fellow-0923,"MIT welcomes David Siegel SM ’86, PhD ’91 as its next Innovation Fellow",not_relevant,,prospective,0.78,"The article centers on David Siegel being appointed as MIT Innovation Fellow, a named cohort role that signals a prospective leading research activity rather than new lab space or facilities.",prospective,0.99,"The article announces Siegel’s appointment as an Innovation Fellow, which qualifies as a prospective research-lab signal under the stated criteria.",prospective,0.99,"The article announces Siegel as a named Innovation Fellow, which qualifies as prospective under the stated criteria.",prospective,"Siegel is named as a newly appointed Innovation Fellow, a fellowship recipient covered by the prospective category.",FALSE,FALSE,
https://news.mit.edu/2026/mit-named-nations-top-university-us-news-0922,MIT named the nation’s top university by U.S. News for 2026-27,not_relevant,,not_relevant,0.95,"The article is about university rankings and does not describe a new research lab, lab space, or a named individual starting a lab.",not_relevant,1,"The article reports university rankings and does not describe a new lab, research facility, department, or prospective lab leader.",not_relevant,0.99,"The article reports university rankings and does not announce a new lab, facility, department, or prospective lab leader.",not_relevant,"The article reports university rankings and does not describe a new lab, facility, department, or prospective lab leader.",FALSE,FALSE,
https://news.mit.edu/2026/carter-stubbs-named-institute-auditor-0921,Carter Stubbs named Institute auditor,not_relevant,,not_relevant,0.97,The article is about appointing an internal audit leader at MIT and does not describe the creation of a new research lab or research facility.,not_relevant,0.99,"The article is about an institutional audit leadership appointment, not a new research lab, research facility, or startup.",not_relevant,0.99,"The article concerns an institutional auditing appointment, not a new research lab, research facility, or prospective lab leader.",not_relevant,"The article describes an administrative auditor appointment, not a new research lab, facility, or department.",FALSE,FALSE,
https://news.mit.edu/2026/batteries-safely-break-down-in-gi-tract-could-improve-ingestible-devices-0921,Batteries that safely break down in the GI tract could improve ingestible devices,not_relevant,,not_relevant,0.9,"The article describes MIT researchers' study results on bioresorbable batteries and planned clinical trials, with no newly formed lab space or any named person starting a new lab.",not_relevant,0.97,"The article reports a battery research finding, and the former postdoc is mentioned only as the study’s lead author, not as starting a lab.",not_relevant,0.99,"The article reports a research finding, and the former postdoc is mentioned only as the paper’s lead author, not as the subject of a prospective lab.",not_relevant,"The article reports a research finding and does not describe a new lab, lab space, or prospective lab leader.",FALSE,FALSE,
https://news.mit.edu/2026/new-chapter-mit-reads-0918,A new chapter for MIT Reads,not_relevant,,not_relevant,0.95,"The article discusses a university reading program being updated and book selections, not the creation of any new research lab or lab space.",not_relevant,0.99,"The article describes a university reading program, not a new research lab, facility, or prospective lab leader.",not_relevant,0.99,"The article describes changes to a reading program, not a new research lab, facility, or prospective lab leader.",not_relevant,"The article describes the evolution of a reading program, not a new research lab, facility, or prospective lab leader.",FALSE,FALSE,
https://news.mit.edu/2026/how-enzymes-influence-bacterial-protein-production-0918,A new understanding of how enzymes influence bacterial protein production,not_relevant,,not_relevant,0.9,"The article describes a scientific research discovery and planned future studies, but it does not indicate a new lab space or a named individual starting/leading a new research lab in the US.",not_relevant,0.99,"The article is about a research discovery and does not announce a new lab, facility, department, hire, fellowship, or startup.",not_relevant,0.99,"The article reports a research finding and does not describe a new individual lab, lab facility, or startup.",not_relevant,"The article reports a research discovery and does not describe a new lab, facility, qualifying appointment, fellowship, or startup.",FALSE,FALSE,
https://news.mit.edu/2026/fueling-return-journey-from-mars-lanie-mckinney-0918,Fueling a return journey from Mars,not_relevant,,not_relevant,0.84,"The article describes an ongoing PhD research project and lab work by a current student, not the creation of a new research lab or facility or a named future lab leader.",not_relevant,0.98,"The article profiles a current PhD candidate and her research in an existing group, with no new lab, facility, or qualifying appointment described.",not_relevant,0.98,"The article profiles a current PhD candidate and her research, without describing a new lab, a prospective lab leader, or a newly founded company.",not_relevant,"The article profiles a PhD candidate’s research and activities, without announcing a new lab, qualifying appointment, fellowship, or startup.",FALSE,FALSE,
https://news.mit.edu/2026/lincoln-laboratory-summer-research-interns-tackle-national-security-challenges-0917,Lincoln Laboratory summer research interns take on national security challenges,not_relevant,,not_relevant,0.86,"The article describes MIT Lincoln Laboratory’s ongoing internship program and student technical assistant work, not the creation of a new US research lab space or a named person starting a new lab.",not_relevant,0.96,"The article describes student internships and their research projects, not a new individual research lab, lab facility, or qualifying prospective lab leader.",not_relevant,0.98,"The article profiles student interns and their ongoing research at an existing laboratory, not a prospective lab leader, new company, or new facility.",not_relevant,"The article profiles student interns and their research, but does not announce a new lab, facility, qualifying appointment, or startup.",FALSE,FALSE,
https://news.mit.edu/2026/faces-of-mit-jay-wilcoxson-0916,Faces of MIT: Jay Wilcoxson,not_relevant,,not_relevant,0.98,"The article profiles an MIT legal professional and describes the creation of an internal legal office, without any indication of a new research lab being established.",not_relevant,0.99,"The article profiles a university lawyer and does not describe a research lab, research facility, or prospective lab leader.",not_relevant,0.99,"The article profiles a university lawyer and does not describe a new research lab, research facility, or prospective lab leader.",not_relevant,"The article profiles a university lawyer and does not describe a research lab, lab facility, or qualifying prospective lab leader.",FALSE,FALSE,
https://news.mit.edu/2026/new-ai-technique-could-make-minimally-invasive-surgeries-safer-more-precise-0916,New AI technique could make minimally invasive surgeries safer and more precise,not_relevant,,not_relevant,0.97,"The article describes development of an AI research technique for surgery navigation, with named researchers but no indication of a new US lab being founded or a new facility/department being formed.",not_relevant,0.99,"The article focuses on a research technique and its findings, while the postdoc is mentioned only as an author, not as the subject of a prospective lab.",not_relevant,0.99,"The article reports a research technique and only incidentally mentions a postdoc, not a new lab, lab space, or startup.",not_relevant,"The article is about a research technique, and the postdoc is mentioned as its lead author rather than as the subject of a prospective lab announcement.",FALSE,FALSE,
https://news.mit.edu/2026/mit-startups-inspire-with-impressive-presentations-demo-day-0916,MIT startups inspire with impressive presentations at Demo Day 2026,not_relevant,,prospective,0.82,"The article centers on MIT startup teams presenting at Demo Day, describing emerging startup ventures rather than new lab facilities or a restructuring.",prospective,0.88,The article’s main subject is student teams presenting startup ventures developed through MIT’s accelerator.,prospective,0.98,"The article centers on startup companies presented by a cohort in MIT’s accelerator, which qualifies as prospective.",prospective,The article centers on newly founded student ventures presenting their startup progress at MIT’s accelerator Demo Day.,FALSE,FALSE,
https://news.mit.edu/2026/new-method-enables-ai-safety-critical-situations-0914,New method enables AI for safety-critical situations,not_relevant,,not_relevant,0.94,"The article describes academic research results and named PIs/students, but does not indicate a new lab opening, restructuring, or a person newly starting a lab.",not_relevant,0.99,"The article reports a research method and its experimental results, not a new lab, facility, or prospective lab leader.",not_relevant,0.99,"The article reports a research technique and only incidentally identifies an established laboratory; it does not describe a new lab, facility, or prospective lab founder.",not_relevant,"The article reports a research method and does not describe a new lab, facility, qualifying appointment, fellowship, or startup.",FALSE,FALSE,
https://news.mit.edu/2026/mit-spinout-turns-plastic-waste-into-resilient-building-materials-0914,MIT spinout turns plastic waste into resilient building materials,not_relevant,,prospective,0.9,"The article focuses on Atlas Building Composites, an MIT spinout startup being commercialized based on MIT research, which qualifies as a prospective new research lab/leader track rather than a new lab facility or department.",prospective,0.99,The article’s main subject is a newly founded MIT spinout company.,prospective,0.99,The article’s main subject is a newly founded MIT spinout company.,prospective,The article’s main subject is a newly founded MIT spinout company.,FALSE,FALSE,
https://news.mit.edu/2026/study-predicts-large-disparities-access-food-water-energy-2050-0908,"Study predicts large disparities in access to food, water, and energy in 2050",not_relevant,,not_relevant,0.98,"The article describes a predictive research study and modeling results, with no indication of a new lab being established or led by a named individual.",not_relevant,0.99,"The article reports modeling results from a research study and does not describe a new lab, facility, or prospective lab leader.",not_relevant,0.99,"The article reports modeling results from a study and does not describe a new lab, facility, department, or prospective lab leader.",not_relevant,"The article reports modeling research findings and does not announce a new lab, lab space, or qualifying prospective lab leader.",FALSE,FALSE,
https://news.mit.edu/2026/governor-healey-mit-president-kornbluth-kick-festivities-mit-future-fest,"Governor Healey, MIT President Kornbluth to Kick Off Festivities at MIT Future Fest",not_relevant,,not_relevant,0.93,The article describes an annual MIT festival/event and does not announce a new individual research lab or lab facility.,not_relevant,0.99,"The article announces a public festival, and mentions open laboratories only as part of its program rather than reporting a new lab or research facility.",not_relevant,0.99,"The article is about an annual public festival, and its mention of open laboratories is only part of the event program.",not_relevant,"The article is about an MIT festival and does not announce a new lab, facility, department, or prospective lab leader.",FALSE,FALSE,
https://news.mit.edu/2026/new-method-allows-following-gene-activity-over-time-same-cells-0904,New method allows scientists to follow gene activity over time in the same cells,not_relevant,,not_relevant,0.93,"The article describes development of a new live-cell transcriptomic method but does not indicate a new lab, facility, or a named person starting an individual lab.",not_relevant,0.99,"The article reports a research method; the postdoc and established labs are mentioned incidentally, not as new labs being started.",not_relevant,0.98,"The article is about a research method, and mentions of existing labs and a research fellow are incidental rather than announcing a new lab.",not_relevant,"The article reports a research method, and its incidental mentions of existing labs and a postdoc do not signal a new lab.",FALSE,FALSE,
https://news.mit.edu/2026/steel-mill-stories-sharing-workers-histories-model-0904,Stories from the steel mills: A model for sharing workers’ histories,not_relevant,,not_relevant,0.9,"The article describes a historical archive/storytelling project and photo essay, not the creation of a new research lab or lab space with an identifiable research group or facility.",not_relevant,0.99,"The article describes a community history and storytelling project, not a new research lab, facility, or prospective lab leader.",not_relevant,0.99,"The article is about a community history storytelling project, not a new research lab, lab space, department, or prospective lab leader.",not_relevant,"The article describes a community history and storytelling project, not a new research lab, lab facility, qualifying appointment, fellowship, or startup.",FALSE,FALSE,
https://news.mit.edu/2026/how-architects-turned-hulking-brick-box-newest-academic-hub-0904,How architects turned a hulking brick box into MIT’s newest academic hub,facility,,facility,0.97,"The article primarily describes transforming an existing MIT building into new academic hub space for SA+P, not naming an individual as starting an operating research lab.",facility,0.99,"The article is about a newly renovated academic building and expanded facilities, not an individual researcher’s lab.",facility,0.99,"The article is about transforming a campus building into new academic and research space, not about an individual person’s lab.",facility,"The article is about transforming a building into new academic and research space, not about an individual researcher’s lab.",FALSE,FALSE,
https://news.mit.edu/2026/home-world-away-home-0921,A home a world away from home,not_relevant,,not_relevant,0.9,The article focuses on a student family’s experience with MIT housing and childcare rather than describing any new lab or research facility.,not_relevant,0.99,"The article focuses on a student family’s experience and community support, not a new lab, facility, or prospective lab leader.",not_relevant,0.99,"The article profiles a PhD student’s family and MIT community experience, not a new lab, facility, or prospective lab leader.",not_relevant,"The article focuses on a PhD student’s family and community experience, not a new lab, lab space, or qualifying appointment.",FALSE,FALSE,
https://news.mit.edu/2026/fabrication-platform-could-enable-flexible-transparent-next-generation-photonic-chips-0903,"Fabrication platform could enable flexible, transparent next-generation photonic chips",not_relevant,,not_relevant,0.9,"The article describes development and validation of a fabrication process for flexible, transparent photonic chips, without naming a new lab or department being created.",not_relevant,0.99,"The article reports a research advance and does not describe a new lab, facility, appointment, fellowship, or startup.",not_relevant,0.99,"The article reports a research advance and does not describe a new lab, facility, department, startup, or prospective lab leader.",not_relevant,"The article reports a research advance and does not announce a new lab, facility, department, or prospective lab leader.",FALSE,FALSE,
https://news.mit.edu/2026/new-qubit-architecture-enables-faster-more-accurate-operations-0903,"New qubit architecture enables faster, more accurate operations",not_relevant,,not_relevant,0.84,"The article describes research results and future plans to fabricate a qubit architecture, with no indication of a new US lab space or a named person starting/leading a new individual lab.",not_relevant,0.99,"The article reports a research finding and does not describe a new lab, facility, or qualifying prospective lab leader.",not_relevant,0.99,"The article reports a research finding and does not describe a new lab, facility, or prospective lab leader.",not_relevant,"The article focuses on a research advance and does not describe a new lab, facility, startup, or qualifying appointment or fellowship.",FALSE,FALSE,
https://news.mit.edu/2026/robigo-gives-farmers-more-sustainable-way-protect-crops-0903,Giving farmers a more sustainable way to protect crops,not_relevant,,prospective,0.93,"The article centers on Robigo, a startup co-founded by a named MIT PhD alum, indicating a prospective new research lab via an industry lab/startup rather than a new facility or department.",prospective,0.99,"The article centers on Robigo, a startup Wallace co-founded after deciding to start her own company.",prospective,0.99,"The article’s main subject is Robigo, a newly founded startup co-founded by Andee Wallace.",prospective,"The article’s main subject is Robigo, a newly founded startup co-founded by Andee Wallace.",FALSE,FALSE,
https://news.mit.edu/2026/system-helps-humans-predict-when-self-driving-cars-will-make-mistakes-0902,System helps humans predict when self-driving cars will make mistakes,not_relevant,,not_relevant,0.96,"The article describes research on an interpretability method for self-driving cars rather than a new research lab, facility, or a named person’s prospective lab launch.",not_relevant,0.99,"The article is about a research method and its tests, not a new lab, facility, or lab-starting appointment.",not_relevant,0.99,"The article reports a research method and findings, with no new lab, facility, startup, or qualifying prospective lab leader described.",not_relevant,"The article reports a research method and its evaluation, not a new lab, facility, department, or prospective lab leader.",FALSE,FALSE,
https://news.mit.edu/2026/ila-kumar-innovates-with-communities-0901,Ila Kumar: Innovating with communities,not_relevant,,not_relevant,0.86,"The article profiles Ila Kumar’s ongoing PhD research and community-based projects at MIT but does not indicate a new lab, facility, or a newly starting prospective lab/PI.",not_relevant,0.98,"The article profiles a current PhD student’s research and community work, without announcing a new individual lab, qualifying appointment, fellowship, or startup.",not_relevant,0.98,"The article profiles a current PhD student and her research, without announcing a new lab, qualifying appointment, fellowship, or startup.",not_relevant,"The article profiles a PhD student’s research and community work, without announcing a new lab, appointment, fellowship, or startup.",FALSE,FALSE,
https://wi.mit.edu/news/johnson-johnson-endows-whitehead-institute-professorship-memory-susan-lindquist-accomplished,"Johnson & Johnson Endows Whitehead Institute Professorship in Memory of  Susan Lindquist, Accomplished Researcher and Role Model for Women in Science",not_relevant,,not_relevant,0.86,The article describes an endowed professorship/tribute to an existing institute and does not indicate a new lab space or a named individual starting a new research lab.,not_relevant,0.96,"The article announces an endowed professorship, not a named individual’s lab, new lab space, building, or department.",not_relevant,0.97,"The article announces an endowed professorship that has not yet been awarded, and does not identify a person’s lab, new lab space, or a new department.",not_relevant,"The article announces an endowed professorship honoring a deceased scientist, not a new individual lab, lab space, or department.",FALSE,FALSE,
https://wi.mit.edu/news/conversation-scientific-advisory-board-member-and-evolutionary-biologist-harmit-malik,In conversation with Scientific Advisory Board Member and Evolutionary Biologist Harmit Malik,not_relevant,,not_relevant,0.95,The article is an interview about an existing advisory role at Whitehead Institute and does not describe any new individual lab starting or new lab facility being created.,not_relevant,0.99,"The article is an interview about Malik’s advisory role and does not describe a new lab, facility, or qualifying appointment.",not_relevant,0.99,"The article is about his advisory role and career perspectives, not a new lab, facility, or prospective lab leader.",not_relevant,"The article is an interview about Malik’s advisory role and scientific culture, not a new lab, facility, or prospective lab leader.",FALSE,FALSE,
https://wi.mit.edu/news/science-entrepreneur-philip-goelet-joins-whitehead-institute-board-directors,Science entrepreneur Philip Goelet joins Whitehead Institute Board of Directors,not_relevant,,not_relevant,0.9,"The article reports a board appointment, not the creation of a new research lab or lab space.",not_relevant,0.99,"The article is about a board appointment and does not announce a new lab, facility, or newly founded company.",not_relevant,0.99,"The article is about a board appointment and does not describe a new lab, facility, or newly founded company.",not_relevant,"The article is about a board appointment and does not describe a new lab, facility, or newly founded company.",FALSE,FALSE,
https://wi.mit.edu/news/avoiding-sticky-situation-how-cells-stop-messenger-rnas-clumping-together,Avoiding a sticky situation: how cells stop messenger RNAs from clumping together,not_relevant,,not_relevant,0.93,"The article describes scientific findings about mRNA aggregation mechanisms and does not indicate a new research lab, facility, or named future lab being formed.",not_relevant,0.99,"The article reports research findings, and its mention of a postdoctoral researcher in an existing lab does not announce a new lab or qualifying appointment.",not_relevant,0.99,"The article reports research findings and mentions an existing lab member and postdoctoral researcher, but does not describe a new lab, appointment, fellowship, or startup.",not_relevant,"The article reports research findings and does not announce a new lab, facility, or qualifying appointment or startup.",FALSE,FALSE,
https://wi.mit.edu/news/ai-model-decodes-language-cells-use-communicate-0,AI model decodes the language cells use to communicate,not_relevant,,not_relevant,0.97,"The article describes results from an existing study and an AI model (IRIS) for decoding signaling in cells, with no indication of a new lab being started or a new research facility/department formed.",not_relevant,0.99,"The article reports a research finding and does not announce a new lab, facility, or qualifying appointment.",not_relevant,0.98,"The article reports research findings, while the assistant professor and fellowship mentions do not describe a new lab or qualifying appointment.",not_relevant,"The article reports research findings and does not describe a new lab, facility, department, or prospective lab leader.",FALSE,FALSE,
https://wi.mit.edu/news/tenure-track-faculty-position-whitehead-institute-and-massachusetts-institute-technology,Tenure-Track Faculty Position at Whitehead Institute and the Massachusetts Institute of Technology,prospective,"Duties will include developing and leading an independent, vibrant research program in the life sciences.” The candidate will also receive “lab and office space” and a “generous start-up package",prospective,0.95,"The article is a job posting for a future assistant professor who will lead an independent research program, implying a new lab to be established.",prospective,1,The article advertises a tenure-track assistant professor position whose duties include developing and leading an independent research program.,prospective,0.99,The article advertises a future assistant professor appointment whose duties include developing and leading an independent research program.,prospective,The article advertises a tenure-track assistant professor position whose successful candidate will establish and lead an independent research program.,FALSE,FALSE,
https://wi.mit.edu/news/meet-whitehead-alum-alicia-zhou-ceo-cancer-research-institute,"Meet a Whitehead Alum: Alicia Zhou, CEO of the Cancer Research Institute",not_relevant,,not_relevant,0.93,The article profiles a scientist and nonprofit CEO and does not describe a new US research lab or lab facility being formed or started.,not_relevant,0.99,"The article profiles Zhou’s career transition to nonprofit leadership and does not describe a new research lab, facility, fellowship, or startup.",not_relevant,0.99,"The article profiles Zhou’s career as a nonprofit CEO and does not describe a new lab, facility, or prospective lab leader.",not_relevant,"The article profiles a nonprofit CEO and her career path, without announcing a new lab, lab leader appointment, or startup.",FALSE,FALSE,
https://wi.mit.edu/core-facilities/microscopy/equipment-software/equip_SS2000,Yokogawa SS2000 High Content Imager,not_relevant,,not_relevant,0.95,"The text lists hardware specifications for an imaging instrument and does not describe a new lab, department formation, or a named individual starting a lab.",not_relevant,0.99,"The article describes imaging equipment and its capabilities, not a new lab, facility, department, or prospective lab leader.",not_relevant,0.98,"The article describes imaging equipment and its applications, not a new lab, facility, or prospective lab leader.",not_relevant,"The article describes imaging equipment and its capabilities, not a new lab, facility, or prospective lab leader.",FALSE,FALSE,
https://www.broadinstitute.org/bios/yonatan-grad,Yonatan Grad,not_relevant,,not_relevant,0.74,"The text is a biographical description of an existing professor and director, with no indication of a newly starting lab or new lab facility.",not_relevant,0.99,"The article is a profile of an established researcher and does not announce a new individual lab, facility, or department.",not_relevant,0.99,"The article is a profile of an established professor and does not announce a new individual lab, facility, or startup.",not_relevant,"The article profiles an established researcher and describes his work, without announcing a new individual lab, facility, or startup.",FALSE,FALSE,
https://www.broadinstitute.org/news/software-rapidly-tracks-viral-variants-high-accuracy,Software rapidly tracks viral variants with high accuracy,not_relevant,,not_relevant,0.88,"The article describes a newly developed web software tool, not a new US research lab, building, or a named person starting their own lab.",not_relevant,0.99,"The article focuses on developing and evaluating software, not on establishing a new lab, facility, or startup.",not_relevant,0.99,"The article is about developing viral-analysis software and does not announce a new research lab, lab space, or startup.",not_relevant,"The article is about developing and releasing software, not a new lab, lab space, or person entering a role that signals a prospective lab.",FALSE,FALSE,
https://www.broadinstitute.org/bsrp/2018-research-highlights,2018 Research Highlights,not_relevant,,not_relevant,0.94,"The text is an institute webpage listing years, alumni/students, and links, with no announcement of a new individual lab or new lab facility being created.",not_relevant,0.98,"The page lists student cohorts and does not describe a new individual lab, lab facility, or department.",not_relevant,0.98,"The page lists students in the BSRP program and does not describe a new individual lab, lab space, or newly founded company.",not_relevant,"The page is an archival list of BSRP student names and does not announce a person’s lab, a new facility, or a startup.",FALSE,FALSE,
https://www.broadinstitute.org/bsrp/2017-research-highlights,2017 Research Highlights,not_relevant,,not_relevant,0.78,"The text is a page/list of research highlights and alumni/student names with no indication of a newly forming lab, facility, or named future lab leader.",not_relevant,0.94,"The text is a list of program students and alumni, with no new individual lab, lab space, or department formation described.",not_relevant,0.97,"The article lists student participants and alumni but does not describe a new lab, facility, or qualifying fellow or research-group leader.",not_relevant,"The text is a listing of student names and research highlights, with no new lab, facility, or qualifying individual appointment described.",FALSE,FALSE,
https://www.broadinstitute.org/srpg/2016-research-highlights,2016 Research Highlights,not_relevant,,not_relevant,0.93,"The text is a generic highlights page listing names and news links, without describing any new lab, facility, or person starting an individual lab.",not_relevant,0.98,"The text is a research-highlights page listing students and contains no announcement of a new individual lab, facility, or startup.",not_relevant,0.99,"The text lists students and research highlights but does not announce a new lab, lab space, department, or startup.",not_relevant,"The text is a list of students and news links, with no mention of a new lab, lab space, or prospective lab leader.",FALSE,FALSE,
https://www.broadinstitute.org/bsrp/2019-research-highlights,2019 Research Highlights,not_relevant,,not_relevant,0.93,"The article text is a list of names under a “2019 Research Highlights” page with no indication of a new US lab opening, facility reorganization, or an individually named person starting a lab.",not_relevant,0.98,"The article is a student and alumni listing, with no new individual research lab, lab facility, or startup described.",not_relevant,0.98,"The page lists program students and alumni but does not describe a new individual lab, lab facility, or newly founded company.",not_relevant,"The article is a listing of BSRP students and alumni, with no new individual lab, facility, or startup described.",FALSE,FALSE,
https://www.broadinstitute.org/bsrp/2020-research-highlights,2020 Research Highlights,not_relevant,,not_relevant,0.93,The text is a general highlights/alumni listing from the institute and does not describe any newly operating individual lab or new lab facility being formed.,not_relevant,0.96,"The page lists student names and program navigation but does not describe a new individual research lab, facility, or qualifying prospective lab leader.",not_relevant,0.98,"The page lists students and research highlights but does not describe a new lab, lab leader, facility, or startup.",not_relevant,"The page lists BSRP student names and program navigation, but does not describe a new individual lab, facility, or startup.",FALSE,FALSE,
https://www.broadinstitute.org/talks/agentic-ai-scientific-discovery-part-2,"Agentic AI for Scientific Discovery, part 2",not_relevant,,not_relevant,0.86,The article is a description of academic talks and biographies with no indication of a new lab being started or a new facility/department being formed.,not_relevant,0.97,"The article announces talks and summarizes their research, while the fellow title appears only as a biographical credential rather than news of a new lab or fellowship.",not_relevant,0.99,"The article is an announcement of research talks, and mentions of fellowships appear only in a speaker biography rather than as the subject.",not_relevant,"The article announces talks and discusses research topics, but does not describe a new lab, lab space, startup, or qualifying appointment or fellowship.",FALSE,FALSE,
https://www.broadinstitute.org/news/new-method-allows-scientists-follow-gene-activity-over-time-same-cells,New method allows scientists to follow gene activity over time in the same cells,not_relevant,,not_relevant,0.93,"The article describes a new live-cell transcriptomic method developed by an existing lab, not the creation of a new research lab space or a named individual preparing to start a new lab.",not_relevant,0.99,"The article is about a research method and its findings; the established labs and researchers mentioned are incidental, not new labs or lab leaders.",not_relevant,0.99,"The article focuses on a research method and its findings, while mentioning the existing Blainey lab and research fellows only in that context.",not_relevant,"The article reports a research method developed by existing labs and does not describe a new lab, prospective lab leader, facility, or startup.",FALSE,FALSE,
https://hms.harvard.edu/news/under-threat,Under Threat,not_relevant,,not_relevant,0.93,"The article is a policy/legal discussion about the Affordable Care Act and does not describe any new research lab, facility, or named prospective lab founder.",not_relevant,0.99,"The article is an interview about the Affordable Care Act ruling and does not describe a new lab, facility, or prospective lab leader.",not_relevant,0.99,"The article is an interview about the Affordable Care Act ruling and does not describe a new lab, facility, appointment, fellowship, or startup.",not_relevant,"The article is an interview about the Affordable Care Act ruling and does not describe a new lab, facility, department, or qualifying research appointment.",FALSE,FALSE,
https://hms.harvard.edu/news/graying-t-cells,The 'Graying' of T Cells,not_relevant,,not_relevant,0.97,The article describes experimental research findings on T-cell metabolism with no indication of a new lab opening or a named individual starting a new lab.,not_relevant,0.99,"The article reports research findings and mentions a postdoctoral fellowship only in the funding acknowledgments, not a new lab or lab leader.",not_relevant,0.99,"The article reports research findings, and the postdoctoral fellowship appears only in the funding acknowledgments.",not_relevant,"The article reports research findings and mentions postdoctoral fellowships only as funding acknowledgments, not a new lab or lab leader.",FALSE,FALSE,
https://hms.harvard.edu/news/origins-pain,Origins of Pain,not_relevant,,not_relevant,0.95,"The article describes research findings on pain signaling pathways and does not indicate the creation of a new lab, facility, or a named person starting/leading a new lab.",not_relevant,0.99,"The article reports research findings and does not describe a new lab, facility, appointment, fellowship, or startup.",not_relevant,0.99,"The article reports pain research findings and does not describe a new lab, facility, or qualifying prospective lab leader.",not_relevant,The article reports research findings and does not describe a prospective lab or a new research facility.,FALSE,FALSE,
https://hms.harvard.edu/news/out-one-two,"Out of One, Two",facility,,facility,0.95,"The article primarily describes the formation of two new Harvard Medical School departments led by named chairs, which signals new institutional research organization rather than newly starting individual labs.",facility,0.99,"The article is about forming two independent departments, and the named people are leading departments rather than establishing individual research labs.",facility,0.99,"The article is about restructuring one department into two new academic departments, not about an individual research lab.",facility,"The article’s main subject is the formation of two departments, and the named leaders are heading departments rather than their own individual labs.",FALSE,FALSE,
https://hms.harvard.edu/news/fusion-talents,A Fusion of Talents,not_relevant,,not_relevant,0.94,"The article describes newly awarded collaborative research grants and ongoing projects within existing institutions, with no indication of a new lab opening, facility, or named individual starting a new lab.",not_relevant,0.98,"The article reports collaborative research grants for existing research teams, not a new lab, facility, or prospective lab leader.",not_relevant,0.96,"The article reports collaborative grants for research projects within an established program, not a new individual lab, facility, or startup.",not_relevant,"The article reports collaborative research grants and projects involving established researchers, not a new lab, lab space, or newly founded company.",FALSE,FALSE,
https://hms.harvard.edu/news/hearing-molecule,The Hearing Molecule,not_relevant,,not_relevant,0.95,The article describes scientific research identifying a hearing sensor protein and does not describe starting a new lab or creating new lab facilities or departments.,not_relevant,0.99,"The article reports a research discovery and does not describe a new lab, facility, or prospective lab leader.",not_relevant,0.99,"The article reports a research finding about the hearing sensor protein and does not describe a new lab, facility, or prospective lab leader.",not_relevant,"The article reports a research finding about the hearing sensor protein TMC1 and does not describe a new lab, facility, qualifying appointment, fellowship, or startup.",FALSE,FALSE,
https://hms.harvard.edu/news/end-life-cancer-care-geography-may-be-destiny,"In End-of-Life Cancer Care, Geography May Be Destiny",not_relevant,,not_relevant,0.93,"The article reports completed end-of-life cancer care research results and does not describe a new lab, facility, or prospective lab leader starting an independent lab.",not_relevant,0.99,"The article reports research findings and does not describe a new lab, facility, qualifying appointment, fellowship, or startup.",not_relevant,0.99,"The article reports research findings and does not describe a new lab, facility, department, or prospective lab leader.",not_relevant,"The article reports research findings on end-of-life cancer care and does not describe a new lab, facility, or prospective lab leader.",FALSE,FALSE,
https://hms.harvard.edu/news/untapped-potential,Untapped Potential,not_relevant,,not_relevant,0.86,"The article reports outcomes of health-system studies and publications, without describing a new lab being started or lab space being formed.",not_relevant,0.99,"The article reports health-system outcomes and research findings, not a new individual lab, lab facility, or startup.",not_relevant,0.99,"The article reports health-system outcomes and research findings, not a new lab, facility, or prospective lab leader.",not_relevant,"The article reports health-system outcomes and research findings, without announcing a new lab, lab space, or qualifying prospective lab leader.",FALSE,FALSE,
https://www.damonrunyon.org/news/damon-runyon-cancer-research-foundation-awards-48-million-clinical-cancer-researchers,Damon Runyon Cancer Research Foundation awards $4.8 million to clinical cancer researchers,not_relevant,,prospective,0.86,"The article announces the naming of new clinical investigator awardees receiving research funding at major centers, indicating newly selected early-career investigators rather than a new lab facility.",prospective,0.99,"The article announces a cohort of new awardees, and award recipients qualify as prospective lab starters under the criteria.",prospective,0.99,"The article announces early-career physician-scientist awardees, which qualifies as prospective under the stated criteria.",prospective,"The article announces early-career physician-scientists receiving investigator awards, which qualifies as prospective under the stated criteria.",FALSE,FALSE,
https://www.damonrunyon.org/discovery/fda-approves-new-oral-treatment-non-small-cell-lung-cancer,FDA approves new oral treatment for non-small-cell lung cancer,not_relevant,,not_relevant,0.93,"The article describes an FDA approval and research history around a drug, with no new US lab space or named person starting/leading an individual lab.",not_relevant,0.99,"The article is about a drug approval and prior research, not a new lab, lab space, department, or prospective lab leader.",not_relevant,0.99,"The article is about a cancer drug approval, and the named former fellow is mentioned only in connection with past research.",not_relevant,"The article is about an FDA-approved cancer treatment and prior research, not a new lab, facility, fellow, or startup.",FALSE,FALSE,
https://www.damonrunyon.org/discovery/damon-runyon-cancer-research-foundation-awards-42-million-exceptional-early-career,Damon Runyon Cancer Research Foundation awards $4.2 million to exceptional early-career scientists,not_relevant,,prospective,0.93,"The article announces the naming of early-career postdoctoral fellows receiving independent funding, indicating prospective future lab leaders rather than new lab facilities or departments.",prospective,0.99,"The article announces a new cohort of fellows, which qualifies as prospective under the stated criteria.",prospective,0.99,"The article announces a cohort of newly named postdoctoral fellows, which qualifies as prospective under the stated criteria.",prospective,"The article announces a cohort of postdoctoral fellows, which qualifies as prospective under the stated criteria.",FALSE,FALSE,
https://www.damonrunyon.org/news/tribute-pioneering-cancer-researcher-maura-gillison-md-phd,"A tribute to pioneering cancer researcher Maura Gillison, MD, PhD",not_relevant,,not_relevant,0.98,"The article is a tribute to a deceased researcher and describes her prior work, with no indication of a new lab being founded or a person being positioned to start one.",not_relevant,0.99,"The article is a tribute to a deceased researcher and does not announce a new lab, facility, or prospective lab leader.",not_relevant,0.99,"The article is a tribute to a deceased researcher and does not announce a new lab, facility, or prospective lab leader.",not_relevant,"The article is a tribute to a deceased researcher and does not announce a new lab, facility, or qualifying appointment.",FALSE,FALSE,
https://www.damonrunyon.org/news/damon-runyon-announces-newest-class-spark-scholars-0,Damon Runyon announces newest class of SPARK Scholars,prospective,Scholars will conduct research in specific labs at partner institutions; this is the same prospect pattern you previously confirmed for SPARK,prospective,0.9,"The article announces a cohort of SPARK Scholars—post-baccalaureate research interns—describing individuals being selected for future research careers in labs, rather than a new facility or department.",prospective,0.99,"The article announces a cohort of research scholars, which qualifies as prospective under the stated criteria.",prospective,0.99,"The article announces a named cohort of research scholars, which qualifies as a prospective signal under the stated criteria.",prospective,"The article announces a new cohort of post-baccalaureate research scholars, which qualifies as prospective under the stated criteria.",FALSE,FALSE,
https://www.damonrunyon.org/news/damon-runyon-cancer-research-foundation-invests-nearly-14-million-support-physician-0,Damon Runyon Cancer Research Foundation invests nearly $1.4 million to support physician-scientists,not_relevant,,prospective,0.95,"The article names award recipients who may become future leaders/physician-scientists under a training program, indicating prospective new research activity rather than a new facility or department.",prospective,0.99,"The article announces three recipients of a physician-scientist training award, which qualifies as prospective under the stated criteria.",prospective,0.99,"The article announces a cohort of physician-scientist award recipients, which qualifies as prospective under the stated criteria.",prospective,"The article’s main subject is three physician-scientists named as award recipients, which qualifies as prospective.",FALSE,FALSE,
https://www.damonrunyon.org/discovery/uncovering-true-origins-small-cell-lung-cancer,Uncovering the true origins of small cell lung cancer,not_relevant,,not_relevant,0.93,The article describes published research findings by named scientists and does not indicate creation of a new lab or lab space in the US.,not_relevant,0.98,The article focuses on cancer research findings and only incidentally identifies the researchers as former Damon Runyon Innovators.,not_relevant,0.99,"The article reports cancer research findings and does not describe a new lab, facility, or prospective lab leader.",not_relevant,"The article reports research findings and mentions former Damon Runyon Innovators, but does not describe a new lab, facility, or startup.",FALSE,FALSE,
https://www.damonrunyon.org/event/damon-runyon-honors-matthew-g-vander-heiden-md-phd-80th-anniversary-dinner,"Damon Runyon honors Matthew G. Vander Heiden, MD, PhD, at 80th Anniversary Dinner",not_relevant,,not_relevant,0.86,"The article describes an anniversary fundraising dinner honoring existing scientists and awards, without indicating the creation of a new lab or an individual starting a new research lab.",not_relevant,0.99,"The article reports an anniversary dinner honoring a senior researcher and does not announce a new lab, facility, or prospective lab leader.",not_relevant,0.99,"The article is about an anniversary dinner honoring a researcher, not a new individual lab, facility, or startup.",not_relevant,"The article reports on an anniversary dinner and honors established researchers, without announcing a new lab, facility, or prospective lab founder.",FALSE,FALSE,
https://www.biolabs.io/post/thermo-fisher-scientific-opens-east-coast-collaboration-center-at-biolabs-for-advanced-therapeutics,Thermo Fisher Scientific Opens East Coast Collaboration Center at BioLabs for Advanced Therapeutics to Help Accelerate Cell and Gene Therapy Development,facility,,facility,0.98,"The article centers on Thermo Fisher’s newly opened collaboration center and expanded BioLabs incubator space, not on an individual’s newly starting research lab.",facility,0.99,"The article’s main subject is the opening of a new collaboration center and lab facility, not an individual researcher’s lab.",facility,0.99,"The article’s main subject is the opening of a new collaboration center and lab facility, not an individual researcher’s lab.",facility,"The article announces a new collaboration center and lab space, not an individual person's research lab.",FALSE,FALSE,
https://www.biolabs.io/post/biolabs-expands-to-rochester-minnesota-in-strategic-collaboration-with-mayo-clinic-and-others-to-a,"BioLabs Expands to Rochester, Minnesota, in Strategic Collaboration with Mayo Clinic and others to Accelerate HealthTech Innovation",facility,,facility,0.98,"The article primarily announces the opening/expansion of BioLabs shared lab space in Rochester (a new facility), not an individual’s named future research lab.",facility,0.99,"The article announces a new shared laboratory facility, not an individual researcher’s lab or a newly founded company.",facility,0.99,"The article announces a new shared laboratory facility, not an individual researcher’s lab.",facility,"The article announces a new shared laboratory facility, not an individual researcher’s lab or a newly founded company.",FALSE,FALSE,
https://www.biolabs.io/post/biolabs-launches-first-rural-site-in-partnership-with-university-of-vermont-fueling-regional-biosci,"BioLabs Launches First Rural Site in Partnership with University of Vermont, Fueling Regional Bioscience Innovation",facility,,facility,0.95,"The article centers on BioLabs launching a new rural site with a nearly 7,000 square foot facility supporting multiple startups, with no specific individual lab named as the subject.",facility,0.99,The article announces a new BioLabs facility and does not describe a specific person’s individual research lab.,facility,0.99,The article announces a new bioscience facility and does not describe a specific person’s individual research lab.,facility,"The article is about launching a new shared bioscience facility, not an individual researcher’s lab.",FALSE,FALSE,
https://www.biolabs.io/post/biontx-2025-ic-life-science-healthcare-innovation-summit-in-dallas,BioNTX 2025 iC³   Life Science &#38; Healthcare Innovation Summit in Dallas,not_relevant,,not_relevant,0.9,"The text describes an innovation summit and acknowledges organizations as community drivers, with no indication of a new individual lab or lab facility being formed.",not_relevant,0.99,"The article reports on an industry summit and does not announce a new individual research lab, lab facility, or startup.",not_relevant,0.99,"The article reports on an industry summit and does not describe a new individual lab, lab facility, department, or startup.",not_relevant,"The article reports on a summit and its panels, with no new lab, lab leader, startup, or research facility described.",FALSE,FALSE,
https://www.biolabs.io/post/biolabs-for-advanced-therapeutics-coming2025,BioLabs Expands and Rebrands Philadelphia Location as BioLabs for Advanced Therapeutics,facility,,facility,0.97,"The article focuses on expanding and renaming an incubator facility with new specialized lab space and amenities, not on a specific individual starting their own lab.",facility,0.99,"The article announces expanded incubator and lab space, not a specific person's individual research lab.",facility,0.99,"The article is about an expanding and rebranded incubator facility with specialized lab space, not an individual researcher’s lab.",facility,"The article is about expanded incubator lab space and facilities, not an individual's own research lab or a newly founded startup.",FALSE,FALSE,
https://www.biolabs.io/post/the-inaugural-boston-biotech-investor-day-groundbreaking-biotech-startups-connect-with-leading-ind,The Inaugural Boston Biotech Investor Day – groundbreaking biotech startups connect with leading industry investors,not_relevant,,not_relevant,0.96,"The article describes a biotech investor event and startup pitches, not the creation of a new research lab or a named individual’s own lab.",not_relevant,0.98,"The article reports on an investor networking and pitching event, not the launch of a specific startup, lab, or facility.",not_relevant,0.98,"The article reports on an investor networking and pitch event, not the founding of a startup, a prospective lab leader, or new lab facilities.",not_relevant,"The article reports on a networking and startup-pitch event, not the founding of a company or the launch of a lab or facility.",FALSE,FALSE,
https://www.biolabs.io/post/university-of-vermont-and-biolabs-to-launchstartup-incubator,University of Vermont and BioLabs to Launch Startup Incubator,facility,,facility,0.94,"The article centers on launching a new BioLabs Innovation Center/incubator with shared wet lab space at UVM, not on a specific named person starting an individual lab.",facility,0.99,"The article announces a new shared incubator facility with wet-lab space, not an individual person's research lab.",facility,0.99,"The article announces a new shared incubator and laboratory space, not an individual researcher’s lab.",facility,The article announces a new shared incubator facility and does not identify any individual's research lab as its subject.,FALSE,FALSE,
https://www.biolabs.io/post/monarch-therapeutics-tops-competitive-golden-ticket-2024-competition-at-biolabs-philadelphia,Monarch Therapeutics tops competitive Golden Ticket 2024 competition at BioLabs Philadelphia,prospective,Monarch is explicitly starting laboratory work and receiving a dedicated laboratory bench at BioLabs Philadelphia.,prospective,0.9,"The article centers on Monarch Therapeutics winning an incubator Golden Ticket and beginning lab work at BioLabs, indicating a new startup lab initiative.",prospective,0.98,The article centers on a startup company that will begin laboratory work at a US incubator.,prospective,0.95,The article centers on an early-stage startup that will begin laboratory work at a US incubator.,prospective,"The article centers on a startup company, which qualifies as prospective, and says it will begin laboratory work at the incubator.",FALSE,FALSE,
https://www.biospace.com/biospace-layoff-tracker,"Novo workforce down 13,000",not_relevant,,not_relevant,0.9,"The article is a trade roundup of corporate workforce reductions and restructuring, with no indication of a new US research lab being created or a named individual launching a lab.",not_relevant,0.97,"The article is a workforce-reduction tracker, and its brief mention of a planned development center is incidental rather than the subject.",not_relevant,0.98,"The article is a workforce-layoff tracker, and its brief mention of a planned biologics center is incidental rather than the main subject.",not_relevant,"The article’s main subject is workforce reductions and restructuring, not a new individual lab, lab facility, department, or startup.",FALSE,FALSE,
https://www.biospace.com/job-trends/the-human-cost-of-ai-interviews,The human cost of AI interviews,not_relevant,,not_relevant,0.93,"The article discusses AI use in hiring interviews and expert commentary, with no indication of a new US research lab being founded or led.",not_relevant,0.99,"The article discusses AI in biopharma hiring and does not describe a new research lab, facility, or startup.",not_relevant,0.99,"The article discusses AI in hiring and does not describe a new lab, facility, department, fellow, or startup.",not_relevant,"The article discusses AI in biopharma hiring and does not report a new lab, facility, department, or prospective lab leader.",FALSE,FALSE,
https://www.biospace.com/job-trends/9-companies-hiring-in-pennsylvania-now,9 companies hiring in Pennsylvania now,not_relevant,,not_relevant,0.95,The article only lists current job openings at existing companies and does not describe any new US lab space or named individuals starting research labs.,not_relevant,0.99,"The article is about job openings at established companies and does not describe a new lab, facility, or prospective lab leader.",not_relevant,0.99,"The article lists current job openings at existing companies and does not describe a new lab, facility, or prospective lab leader.",not_relevant,"The article lists current job openings at existing companies and does not describe a new lab, facility, startup, or prospective lab leader.",FALSE,FALSE,
https://www.biospace.com/job-trends/novos-workforce-reduction-climbs-to-13-000-to-fuel-r-d-work,"Novo’s workforce reduction climbs to 13,000 to fuel R&D work",not_relevant,,not_relevant,0.97,"The article discusses Novo’s workforce reduction and internal R&D funding decisions, not the creation of a new research lab or individual lab lead in the US.",not_relevant,0.99,"The article reports workforce reductions and company-wide R&D funding priorities, not a new lab, facility, or prospective lab leader.",not_relevant,0.99,"The article reports workforce reductions and company strategy, not a new research lab, lab space, or startup.",not_relevant,"The article concerns workforce reductions and company restructuring, not a new individual research lab, research facility, or startup.",FALSE,FALSE,
https://www.biospace.com/job-trends/biopharma-hiring-hotspots-states-disciplines-where-demand-is-highest,"Biopharma hiring hotspots: States, disciplines where demand is highest",not_relevant,,not_relevant,0.93,"The article discusses biopharma hiring demand and job postings by state and discipline, without describing any new research lab, individual lab, or new lab facility being created.",not_relevant,0.99,"The article reports biopharma hiring trends and job openings, not a new individual lab, lab facility, or startup.",not_relevant,0.99,"The article reports biopharma job-market trends and does not describe a new lab, facility, or prospective lab leader.",not_relevant,"The article reports job-posting trends by state and discipline and does not describe a new lab, facility, or qualifying individual or startup.",FALSE,FALSE,
https://www.biospace.com/job-trends/trending-top-biopharma-disciplines-with-jobs-live-now,Trending: Top biopharma disciplines with jobs live now,not_relevant,,not_relevant,0.93,The article summarizes existing job postings across biopharma disciplines and does not describe any new US research lab being created or any named individual starting their own lab.,not_relevant,0.99,"The article reports job postings across biopharma disciplines and does not describe a new lab, facility, department, fellow, or startup.",not_relevant,0.99,"The article reports available job postings across biopharma disciplines and does not announce a new lab, facility, or prospective lab leader.",not_relevant,"The article reports job-posting counts and examples of openings, not a new lab, facility, or prospective lab leader.",FALSE,FALSE,
https://www.biospace.com/job-trends/ai-is-changing-the-talent-biotech-companies-compete-to-hire,AI is changing the talent biotech companies compete to hire,not_relevant,,not_relevant,0.99,The article discusses hiring needs and AI talent capabilities in biotech without describing a new lab being started or a new facility being formed.,not_relevant,0.99,"The article discusses biotech hiring trends broadly and does not describe a new lab, facility, or qualifying individual or company.",not_relevant,0.99,"The article discusses biotech hiring trends generally and does not describe a new individual lab, facility, department, or startup.",not_relevant,"The article discusses biotech hiring trends and sought-after skills, not a specific prospective lab, new lab facility, or department.",FALSE,FALSE,
https://www.biospace.com/job-trends/for-many-the-retirement-goal-posts-are-shifting,"For many, the retirement goal posts are shifting",not_relevant,,not_relevant,0.93,"The article discusses survey findings and career retirement decisions without describing any new research lab, facility, or named lab leader starting a lab.",not_relevant,0.99,"The article discusses retirement trends and career decisions, not a new research lab, lab facility, or prospective lab leader.",not_relevant,0.99,"The article discusses retirement decisions among biopharma professionals and does not describe a new lab, facility, or startup.",not_relevant,"The article focuses on retirement plans and workforce trends, not a new research lab, facility, or prospective lab leader.",FALSE,FALSE,